date,open_forexcom
2011-01-03,1414.63
2011-01-04,1414.63
2011-01-05,1383.98
2011-01-06,1375.6
2011-01-07,1370.6
2011-01-10,1374.85
2011-01-11,1374.85
2011-01-12,1381.73
2011-01-13,1386.4
2011-01-14,1375.8
2011-01-17,1360.68
2011-01-18,1360.68
2011-01-19,1368.28
2011-01-20,1369.28
2011-01-21,1347.85
2011-01-24,1337.93
2011-01-25,1337.93
2011-01-26,1331.1
2011-01-27,1343.48
2011-01-28,1314.85
2011-01-31,1332.5
2011-02-01,1332.5
2011-02-02,1342.05
2011-02-03,1334.7
2011-02-04,1352.0
2011-02-07,1350.63
2011-02-08,1350.63
2011-02-09,1362.35
2011-02-10,1363.85
2011-02-11,1363.48
2011-02-14,1361.58
2011-02-15,1361.58
2011-02-16,1371.48
2011-02-17,1375.55
2011-02-18,1383.48
2011-02-21,1407.88
2011-02-22,1407.88
2011-02-23,1399.18
2011-02-24,1414.18
2011-02-25,1402.95
2011-02-28,1410.63
2011-03-01,1410.63
2011-03-02,1433.68
2011-03-03,1432.85
2011-03-04,1414.45
2011-03-07,1431.55
2011-03-08,1431.55
2011-03-09,1428.03
2011-03-10,1429.28
2011-03-11,1412.0
2011-03-14,1426.05
2011-03-15,1426.05
2011-03-16,1394.55
2011-03-17,1386.9
2011-03-18,1407.38
2011-03-21,1426.73
2011-03-22,1426.73
2011-03-23,1428.1
2011-03-24,1437.78
2011-03-25,1432.13
2011-03-28,1420.35
2011-03-29,1420.35
2011-03-30,1417.0
2011-03-31,1421.95
2011-04-01,1432.1
2011-04-04,1433.88
2011-04-05,1433.88
2011-04-06,1453.83
2011-04-07,1458.3
2011-04-08,1458.65
2011-04-11,1462.73
2011-04-12,1462.73
2011-04-13,1452.53
2011-04-14,1456.33
2011-04-15,1478.03
2011-04-18,1494.73
2011-04-19,1494.73
2011-04-20,1495.63
2011-04-21,1501.33
2011-04-22,1504.2
2011-04-25,1506.73
2011-04-26,1506.73
2011-04-27,1508.58
2011-04-28,1524.55
2011-04-29,1535.05
2011-05-02,1541.63
2011-05-03,1541.63
2011-05-04,1536.95
2011-05-05,1515.63
2011-05-06,1473.15
2011-05-09,1511.38
2011-05-10,1511.38
2011-05-11,1515.78
2011-05-12,1503.88
2011-05-13,1504.5
2011-05-16,1489.73
2011-05-17,1489.73
2011-05-18,1485.53
2011-05-19,1495.83
2011-05-20,1494.83
2011-05-23,1514.13
2011-05-24,1514.13
2011-05-25,1524.48
2011-05-26,1525.5
2011-05-27,1523.95
2011-05-30,1538.48
2011-05-31,1538.48
2011-06-01,1535.3
2011-06-02,1542.55
2011-06-03,1534.2
2011-06-06,1544.33
2011-06-07,1544.33
2011-06-08,1544.83
2011-06-09,1536.13
2011-06-10,1542.18
2011-06-13,1517.58
2011-06-14,1517.58
2011-06-15,1526.08
2011-06-16,1528.83
2011-06-17,1528.73
2011-06-20,1539.35
2011-06-21,1539.35
2011-06-22,1545.33
2011-06-23,1547.53
2011-06-24,1524.6
2011-06-27,1500.78
2011-06-28,1500.78
2011-06-29,1500.98
2011-06-30,1510.55
2011-07-01,1501.3
2011-07-04,1495.03
2011-07-05,1495.03
2011-07-06,1512.55
2011-07-07,1527.9
2011-07-08,1530.08
2011-07-11,1551.73
2011-07-12,1551.73
2011-07-13,1567.33
2011-07-14,1588.85
2011-07-15,1586.43
2011-07-18,1603.28
2011-07-19,1603.28
2011-07-20,1589.6
2011-07-21,1598.35
2011-07-22,1591.23
2011-07-25,1613.73
2011-07-26,1613.73
2011-07-27,1619.25
2011-07-28,1613.1
2011-07-29,1613.73
2011-08-01,1618.35
2011-08-02,1618.35
2011-08-03,1654.1
2011-08-04,1660.25
2011-08-05,1641.7
2011-08-08,1721.73
2011-08-09,1721.73
2011-08-10,1763.55
2011-08-11,1808.3
2011-08-12,1751.8
2011-08-15,1766.15
2011-08-16,1766.15
2011-08-17,1785.8
2011-08-18,1787.05
2011-08-19,1825.35
2011-08-22,1909.08
2011-08-23,1909.08
2011-08-24,1837.96
2011-08-25,1749.28
2011-08-26,1765.0
2011-08-29,1790.42
2011-08-30,1790.42
2011-08-31,1829.55
2011-09-01,1827.05
2011-09-02,1826.45
2011-09-05,1897.55
2011-09-06,1897.55
2011-09-07,1876.1
2011-09-08,1813.4
2011-09-09,1863.65
2011-09-12,1824.3
2011-09-13,1824.3
2011-09-14,1836.05
2011-09-15,1824.07
2011-09-16,1785.85
2011-09-19,1781.25
2011-09-20,1781.25
2011-09-21,1801.4
2011-09-22,1784.2
2011-09-23,1741.4
2011-09-26,1618.35
2011-09-27,1618.35
2011-09-28,1642.65
2011-09-29,1588.35
2011-09-30,1623.95
2011-10-03,1667.05
2011-10-04,1667.05
2011-10-05,1630.05
2011-10-06,1636.95
2011-10-07,1652.03
2011-10-10,1674.03
2011-10-11,1674.03
2011-10-12,1662.6
2011-10-13,1678.7
2011-10-14,1668.4
2011-10-17,1673.95
2011-10-18,1673.95
2011-10-19,1656.67
2011-10-20,1641.44
2011-10-21,1616.82
2011-10-24,1656.05
2011-10-25,1656.05
2011-10-26,1701.4
2011-10-27,1723.36
2011-10-28,1746.33
2011-10-31,1714.15
2011-11-01,1714.15
2011-11-02,1715.5
2011-11-03,1735.22
2011-11-04,1758.54
2011-11-07,1793.35
2011-11-08,1793.35
2011-11-09,1789.2
2011-11-10,1771.4
2011-11-11,1752.09
2011-11-14,1780.24
2011-11-15,1780.24
2011-11-16,1778.4
2011-11-17,1761.75
2011-11-18,1721.45
2011-11-21,1677.75
2011-11-22,1677.75
2011-11-23,1701.25
2011-11-24,1690.14
2011-11-25,1695.0
2011-11-28,1712.15
2011-11-29,1712.15
2011-11-30,1718.45
2011-12-01,1748.35
2011-12-02,1744.95
2011-12-05,1721.35
2011-12-06,1721.35
2011-12-07,1727.75
2011-12-08,1740.0
2011-12-09,1709.65
2011-12-12,1665.25
2011-12-13,1665.25
2011-12-14,1629.75
2011-12-15,1575.15
2011-12-16,1575.45
2011-12-19,1593.33
2011-12-20,1593.33
2011-12-21,1618.35
2011-12-22,1612.6
2011-12-23,1607.57
2011-12-26,1603.24
2011-12-27,1603.24
2011-12-28,1589.66
2011-12-29,1555.55
2011-12-30,1549.4
2012-01-02,1572.0
2012-01-03,1572.0
2012-01-04,1605.98
2012-01-05,1611.35
2012-01-06,1620.62
2012-01-09,1611.55
2012-01-10,1611.55
2012-01-11,1634.95
2012-01-12,1642.32
2012-01-13,1647.47
2012-01-16,1643.96
2012-01-17,1643.96
2012-01-18,1654.4
2012-01-19,1659.68
2012-01-20,1654.95
2012-01-23,1679.23
2012-01-24,1679.23
2012-01-25,1666.61
2012-01-26,1709.49
2012-01-27,1719.58
2012-01-30,1729.65
2012-01-31,1729.65
2012-02-01,1735.52
2012-02-02,1745.45
2012-02-03,1756.64
2012-02-06,1720.04
2012-02-07,1720.04
2012-02-08,1744.93
2012-02-09,1732.07
2012-02-10,1730.44
2012-02-13,1718.2
2012-02-14,1718.2
2012-02-15,1719.44
2012-02-16,1728.07
2012-02-17,1727.4
2012-02-20,1733.42
2012-02-21,1733.42
2012-02-22,1757.31
2012-02-23,1775.45
2012-02-24,1778.88
2012-02-27,1767.05
2012-02-28,1767.05
2012-02-29,1786.3
2012-03-01,1702.34
2012-03-02,1719.83
2012-03-05,1704.9
2012-03-06,1704.9
2012-03-07,1674.22
2012-03-08,1684.9
2012-03-09,1701.8
2012-03-12,1700.23
2012-03-13,1700.23
2012-03-14,1675.9
2012-03-15,1643.64
2012-03-16,1657.9
2012-03-19,1663.15
2012-03-20,1663.15
2012-03-21,1649.84
2012-03-22,1651.16
2012-03-23,1646.65
2012-03-26,1689.23
2012-03-27,1689.23
2012-03-28,1680.99
2012-03-29,1664.8
2012-03-30,1661.43
2012-04-02,1679.0
2012-04-03,1679.0
2012-04-04,1646.65
2012-04-05,1623.15
2012-04-06,1630.68
2012-04-09,1642.95
2012-04-10,1642.95
2012-04-11,1657.23
2012-04-12,1659.35
2012-04-13,1675.3
2012-04-16,1651.33
2012-04-17,1651.33
2012-04-18,1650.43
2012-04-19,1641.35
2012-04-20,1641.35
2012-04-23,1636.66
2012-04-24,1636.66
2012-04-25,1641.59
2012-04-26,1643.38
2012-04-27,1656.5
2012-04-30,1666.88
2012-05-01,1666.88
2012-05-02,1662.26
2012-05-03,1651.85
2012-05-04,1635.77
2012-05-07,1637.63
2012-05-08,1637.63
2012-05-09,1602.85
2012-05-10,1589.05
2012-05-11,1593.53
2012-05-14,1558.31
2012-05-15,1558.31
2012-05-16,1542.93
2012-05-17,1542.85
2012-05-18,1574.96
2012-05-21,1594.4
2012-05-22,1594.4
2012-05-23,1567.37
2012-05-24,1558.43
2012-05-25,1556.49
2012-05-28,1575.01
2012-05-29,1575.01
2012-05-30,1553.02
2012-05-31,1564.46
2012-06-01,1560.56
2012-06-04,1619.48
2012-06-05,1619.48
2012-06-06,1617.75
2012-06-07,1622.46
2012-06-08,1591.75
2012-06-11,1591.13
2012-06-12,1591.13
2012-06-13,1607.86
2012-06-14,1617.35
2012-06-15,1620.9
2012-06-18,1618.57
2012-06-19,1627.83
2012-06-20,1620.53
2012-06-21,1604.02
2012-06-22,1568.45
2012-06-25,1569.52
2012-06-26,1584.86
2012-06-27,1571.69
2012-06-28,1574.44
2012-06-29,1553.0
2012-07-02,1598.85
2012-07-03,1595.24
2012-07-04,1619.83
2012-07-05,1615.42
2012-07-06,1607.32
2012-07-09,1578.52
2012-07-10,1587.57
2012-07-11,1571.26
2012-07-12,1576.78
2012-07-13,1568.51
2012-07-16,1590.81
2012-07-17,1590.34
2012-07-18,1584.24
2012-07-19,1573.65
2012-07-20,1583.93
2012-07-23,1581.38
2012-07-24,1576.66
2012-07-25,1580.2
2012-07-26,1602.6
2012-07-27,1613.44
2012-07-30,1623.0
2012-07-31,1621.28
2012-08-01,1613.13
2012-08-02,1601.92
2012-08-03,1589.36
2012-08-06,1605.35
2012-08-07,1611.43
2012-08-08,1610.6
2012-08-09,1612.35
2012-08-10,1616.35
2012-08-13,1621.16
2012-08-14,1610.52
2012-08-15,1600.24
2012-08-16,1603.92
2012-08-17,1615.32
2012-08-20,1617.11
2012-08-21,1619.44
2012-08-22,1637.53
2012-08-23,1655.44
2012-08-24,1668.44
2012-08-27,1673.79
2012-08-28,1665.28
2012-08-29,1666.66
2012-08-30,1656.4
2012-08-31,1655.02
2012-09-03,1688.38
2012-09-04,1692.4
2012-09-05,1692.65
2012-09-06,1692.13
2012-09-07,1698.82
2012-09-10,1736.06
2012-09-11,1728.01
2012-09-12,1733.5
2012-09-13,1731.97
2012-09-14,1768.02
2012-09-17,1774.15
2012-09-18,1760.47
2012-09-19,1768.39
2012-09-20,1771.02
2012-09-21,1769.11
2012-09-24,1769.87
2012-09-25,1764.5
2012-09-26,1760.81
2012-09-27,1754.61
2012-09-28,1777.07
2012-10-01,1765.41
2012-10-02,1777.21
2012-10-03,1772.98
2012-10-04,1779.94
2012-10-05,1792.33
2012-10-08,1778.85
2012-10-09,1777.29
2012-10-10,1762.58
2012-10-11,1761.03
2012-10-12,1768.97
2012-10-15,1742.29
2012-10-16,1735.65
2012-10-17,1749.0
2012-10-18,1748.26
2012-10-19,1741.94
2012-10-22,1717.87
2012-10-23,1727.88
2012-10-24,1710.82
2012-10-25,1704.94
2012-10-26,1713.72
2012-10-29,1713.69
2012-10-30,1708.19
2012-10-31,1711.24
2012-11-01,1720.05
2012-11-02,1715.73
2012-11-05,1682.18
2012-11-06,1686.08
2012-11-07,1711.45
2012-11-08,1716.91
2012-11-09,1732.04
2012-11-12,1734.67
2012-11-13,1726.44
2012-11-14,1726.25
2012-11-15,1724.32
2012-11-16,1715.54
2012-11-19,1717.68
2012-11-20,1729.95
2012-11-21,1726.45
2012-11-22,1730.65
2012-11-23,1729.63
2012-11-26,1750.38
2012-11-27,1749.45
2012-11-28,1741.81
2012-11-29,1722.43
2012-11-30,1725.89
2012-12-03,1716.53
2012-12-04,1715.86
2012-12-05,1695.09
2012-12-06,1692.39
2012-12-07,1700.14
2012-12-10,1703.37
2012-12-11,1711.46
2012-12-12,1709.2
2012-12-13,1709.16
2012-12-14,1696.66
2012-12-17,1695.25
2012-12-18,1697.19
2012-12-19,1676.28
2012-12-20,1667.53
2012-12-21,1648.43
2012-12-24,1658.1
2012-12-25,1658.14
2012-12-26,1658.14
2012-12-27,1658.72
2012-12-28,1662.08
2012-12-31,1657.11
2013-01-01,1674.95
2013-01-02,1670.93
2013-01-03,1687.13
2013-01-04,1661.04
2013-01-07,1656.74
2013-01-08,1649.92
2013-01-09,1661.21
2013-01-10,1656.24
2013-01-11,1673.89
2013-01-14,1660.77
2013-01-15,1667.86
2013-01-16,1680.97
2013-01-17,1680.51
2013-01-18,1687.36
2013-01-21,1688.53
2013-01-22,1689.55
2013-01-23,1692.62
2013-01-24,1684.88
2013-01-25,1667.66
2013-01-28,1659.42
2013-01-29,1657.14
2013-01-30,1664.18
2013-01-31,1676.74
2013-02-01,1662.9
2013-02-04,1667.07
2013-02-05,1674.23
2013-02-06,1674.8
2013-02-07,1678.36
2013-02-08,1671.03
2013-02-11,1666.51
2013-02-12,1648.49
2013-02-13,1651.6
2013-02-14,1644.35
2013-02-15,1635.19
2013-02-18,1612.81
2013-02-19,1614.08
2013-02-20,1605.03
2013-02-21,1570.38
2013-02-22,1578.55
2013-02-25,1578.56
2013-02-26,1594.83
2013-02-27,1613.37
2013-02-28,1597.07
2013-03-01,1580.92
2013-03-04,1579.24
2013-03-05,1575.2
2013-03-06,1577.28
2013-03-07,1582.17
2013-03-08,1579.72
2013-03-11,1578.64
2013-03-12,1582.0
2013-03-13,1592.6
2013-03-14,1588.05
2013-03-15,1589.68
2013-03-18,1603.9
2013-03-19,1605.68
2013-03-20,1612.48
2013-03-21,1606.04
2013-03-22,1615.69
2013-03-25,1606.56
2013-03-26,1605.96
2013-03-27,1600.03
2013-03-28,1605.17
2013-03-29,1597.55
2013-04-01,1596.39
2013-04-02,1601.61
2013-04-03,1576.31
2013-04-04,1555.11
2013-04-05,1552.34
2013-04-08,1577.22
2013-04-09,1572.04
2013-04-10,1585.36
2013-04-11,1555.44
2013-04-12,1561.89
2013-04-15,1489.96
2013-04-16,1351.47
2013-04-17,1371.07
2013-04-18,1373.24
2013-04-19,1394.07
2013-04-22,1408.4
2013-04-23,1424.02
2013-04-24,1414.13
2013-04-25,1429.99
2013-04-26,1473.16
2013-04-29,1465.16
2013-04-30,1473.34
2013-05-01,1476.24
2013-05-02,1458.92
2013-05-03,1467.72
2013-05-06,1470.56
2013-05-07,1466.94
2013-05-08,1450.17
2013-05-09,1471.94
2013-05-10,1455.54
2013-05-13,1437.61
2013-05-14,1435.33
2013-05-15,1430.09
2013-05-16,1395.91
2013-05-17,1387.04
2013-05-20,1348.3
2013-05-21,1388.81
2013-05-22,1377.16
2013-05-23,1363.28
2013-05-24,1388.0
2013-05-27,1386.16
2013-05-28,1396.18
2013-05-29,1380.63
2013-05-30,1392.37
2013-05-31,1415.1
2013-06-03,1394.43
2013-06-04,1412.46
2013-06-05,1398.6
2013-06-06,1401.54
2013-06-07,1411.73
2013-06-10,1384.35
2013-06-11,1384.04
2013-06-12,1377.53
2013-06-13,1386.19
2013-06-14,1385.7
2013-06-17,1390.18
2013-06-18,1384.48
2013-06-19,1369.17
2013-06-20,1346.25
2013-06-21,1274.3
2013-06-24,1300.29
2013-06-25,1283.86
2013-06-26,1274.76
2013-06-27,1228.37
2013-06-28,1205.3
2013-07-01,1239.45
2013-07-02,1252.38
2013-07-03,1244.88
2013-07-04,1255.33
2013-07-05,1247.87
2013-07-08,1218.77
2013-07-09,1233.71
2013-07-10,1248.89
2013-07-11,1283.03
2013-07-12,1285.69
2013-07-15,1289.3
2013-07-16,1282.42
2013-07-17,1290.51
2013-07-18,1277.11
2013-07-19,1284.75
2013-07-22,1313.21
2013-07-23,1334.52
2013-07-24,1343.11
2013-07-25,1318.86
2013-07-26,1335.5
2013-07-29,1330.84
2013-07-30,1326.28
2013-07-31,1327.79
2013-08-01,1326.08
2013-08-02,1307.23
2013-08-05,1312.47
2013-08-06,1303.78
2013-08-07,1282.21
2013-08-08,1284.81
2013-08-09,1312.62
2013-08-12,1329.02
2013-08-13,1332.97
2013-08-14,1321.37
2013-08-15,1342.6
2013-08-16,1362.92
2013-08-19,1376.7
2013-08-20,1367.28
2013-08-21,1368.65
2013-08-22,1358.52
2013-08-23,1374.66
2013-08-26,1396.0
2013-08-27,1402.87
2013-08-28,1418.63
2013-08-29,1417.76
2013-08-30,1404.03
2013-09-02,1380.47
2013-09-03,1393.68
2013-09-04,1411.32
2013-09-05,1393.52
2013-09-06,1369.14
2013-09-09,1388.77
2013-09-10,1386.74
2013-09-11,1366.0
2013-09-12,1364.76
2013-09-13,1327.16
2013-09-16,1329.91
2013-09-17,1312.98
2013-09-18,1306.62
2013-09-19,1367.81
2013-09-20,1365.58
2013-09-23,1329.75
2013-09-24,1326.83
2013-09-25,1325.27
2013-09-26,1332.06
2013-09-27,1324.06
2013-09-30,1340.24
2013-10-01,1328.53
2013-10-02,1288.89
2013-10-03,1314.92
2013-10-04,1316.6
2013-10-07,1313.67
2013-10-08,1323.06
2013-10-09,1320.41
2013-10-10,1302.87
2013-10-11,1287.87
2013-10-14,1272.86
2013-10-15,1272.12
2013-10-16,1275.16
2013-10-17,1280.98
2013-10-18,1315.84
2013-10-21,1317.45
2013-10-22,1315.52
2013-10-23,1339.32
2013-10-24,1332.27
2013-10-25,1346.63
2013-10-28,1348.95
2013-10-29,1353.12
2013-10-30,1343.37
2013-10-31,1338.4
2013-11-01,1323.12
2013-11-04,1314.0
2013-11-05,1315.07
2013-11-06,1312.63
2013-11-07,1317.74
2013-11-08,1309.38
2013-11-11,1287.15
2013-11-12,1282.35
2013-11-13,1267.45
2013-11-14,1285.02
2013-11-15,1286.95
2013-11-18,1288.15
2013-11-19,1274.11
2013-11-20,1275.17
2013-11-21,1246.94
2013-11-22,1244.12
2013-11-25,1240.58
2013-11-26,1252.83
2013-11-27,1243.46
2013-11-28,1238.3
2013-11-29,1244.11
2013-12-02,1247.93
2013-12-03,1223.0
2013-12-04,1224.57
2013-12-05,1238.0
2013-12-06,1226.12
2013-12-09,1228.17
2013-12-10,1238.79
2013-12-11,1261.09
2013-12-12,1253.99
2013-12-13,1227.83
2013-12-16,1235.96
2013-12-17,1240.16
2013-12-18,1233.84
2013-12-19,1219.15
2013-12-20,1191.6
2013-12-23,1203.97
2013-12-24,1198.24
2013-12-25,1204.45
2013-12-26,1204.45
2013-12-27,1209.07
2013-12-30,1213.29
2013-12-31,1198.46
2014-01-01,1204.24
2014-01-02,1205.88
2014-01-03,1223.68
2014-01-06,1234.13
2014-01-07,1237.68
2014-01-08,1229.3
2014-01-09,1226.12
2014-01-10,1228.84
2014-01-13,1248.5
2014-01-14,1254.05
2014-01-15,1243.34
2014-01-16,1240.98
2014-01-17,1242.03
2014-01-20,1256.18
2014-01-21,1255.29
2014-01-22,1242.87
2014-01-23,1236.99
2014-01-24,1262.54
2014-01-27,1275.37
2014-01-28,1257.99
2014-01-29,1252.49
2014-01-30,1266.64
2014-01-31,1244.81
2014-02-03,1243.51
2014-02-04,1259.66
2014-02-05,1252.84
2014-02-06,1258.9
2014-02-07,1256.46
2014-02-10,1267.29
2014-02-11,1273.85
2014-02-12,1286.8
2014-02-13,1291.71
2014-02-14,1300.33
2014-02-17,1323.37
2014-02-18,1328.33
2014-02-19,1320.49
2014-02-20,1311.78
2014-02-21,1320.61
2014-02-24,1324.03
2014-02-25,1335.59
2014-02-26,1341.03
2014-02-27,1330.62
2014-02-28,1331.31
2014-03-03,1338.13
2014-03-04,1350.49
2014-03-05,1336.23
2014-03-06,1335.94
2014-03-07,1349.71
2014-03-10,1338.13
2014-03-11,1340.33
2014-03-12,1347.48
2014-03-13,1366.2
2014-03-14,1373.27
2014-03-17,1386.5
2014-03-18,1366.38
2014-03-19,1356.07
2014-03-20,1328.25
2014-03-21,1330.92
2014-03-24,1332.2
2014-03-25,1311.26
2014-03-26,1309.74
2014-03-27,1306.26
2014-03-28,1293.08
2014-03-31,1295.99
2014-04-01,1284.39
2014-04-02,1281.09
2014-04-03,1290.76
2014-04-04,1284.91
2014-04-07,1303.73
2014-04-08,1298.44
2014-04-09,1309.73
2014-04-10,1310.9
2014-04-11,1318.09
2014-04-14,1326.35
2014-04-15,1325.6
2014-04-16,1302.66
2014-04-17,1303.59
2014-04-18,1295.01
2014-04-21,1291.55
2014-04-22,1289.55
2014-04-23,1284.7
2014-04-24,1283.97
2014-04-25,1291.44
2014-04-28,1303.93
2014-04-29,1296.41
2014-04-30,1295.98
2014-05-01,1291.56
2014-05-02,1283.99
2014-05-05,1300.36
2014-05-06,1310.94
2014-05-07,1307.28
2014-05-08,1290.28
2014-05-09,1290.79
2014-05-12,1283.25
2014-05-13,1295.47
2014-05-14,1294.85
2014-05-15,1305.16
2014-05-16,1296.95
2014-05-19,1292.62
2014-05-20,1293.41
2014-05-21,1294.66
2014-05-22,1291.48
2014-05-23,1293.98
2014-05-26,1291.38
2014-05-27,1292.21
2014-05-28,1263.32
2014-05-29,1257.47
2014-05-30,1256.76
2014-06-02,1247.01
2014-06-03,1244.93
2014-06-04,1245.29
2014-06-05,1244.24
2014-06-06,1252.67
2014-06-09,1253.98
2014-06-10,1252.05
2014-06-11,1259.75
2014-06-12,1261.31
2014-06-13,1272.7
2014-06-16,1278.32
2014-06-17,1272.08
2014-06-18,1270.82
2014-06-19,1278.43
2014-06-20,1314.49
2014-06-23,1313.49
2014-06-24,1314.12
2014-06-25,1318.22
2014-06-26,1318.45
2014-06-27,1315.71
2014-06-30,1314.84
2014-07-01,1326.26
2014-07-02,1325.54
2014-07-03,1325.56
2014-07-04,1319.75
2014-07-07,1317.41
2014-07-08,1317.9
2014-07-09,1318.0
2014-07-10,1327.07
2014-07-11,1336.14
2014-07-14,1338.62
2014-07-15,1309.02
2014-07-16,1295.43
2014-07-17,1299.13
2014-07-18,1319.58
2014-07-21,1310.6
2014-07-22,1311.04
2014-07-23,1307.73
2014-07-24,1304.17
2014-07-25,1292.85
2014-07-28,1305.81
2014-07-29,1304.13
2014-07-30,1299.24
2014-07-31,1295.53
2014-08-01,1282.94
2014-08-04,1293.94
2014-08-05,1288.44
2014-08-06,1288.37
2014-08-07,1305.92
2014-08-08,1311.15
2014-08-11,1309.55
2014-08-12,1307.69
2014-08-13,1308.6
2014-08-14,1311.54
2014-08-15,1312.86
2014-08-18,1301.63
2014-08-19,1297.96
2014-08-20,1294.68
2014-08-21,1290.14
2014-08-22,1277.56
2014-08-25,1277.35
2014-08-26,1276.06
2014-08-27,1280.94
2014-08-28,1283.32
2014-08-29,1290.31
2014-09-01,1286.6
2014-09-02,1286.33
2014-09-03,1266.76
2014-09-04,1269.12
2014-09-05,1258.88
2014-09-08,1266.81
2014-09-09,1256.02
2014-09-10,1254.86
2014-09-11,1248.82
2014-09-12,1240.32
2014-09-15,1228.16
2014-09-16,1233.31
2014-09-17,1234.97
2014-09-18,1219.69
2014-09-19,1224.77
2014-09-22,1215.97
2014-09-23,1214.87
2014-09-24,1221.79
2014-09-25,1215.69
2014-09-26,1222.53
2014-09-29,1216.62
2014-09-30,1216.39
2014-10-01,1207.87
2014-10-02,1215.12
2014-10-03,1213.27
2014-10-06,1186.21
2014-10-07,1206.57
2014-10-08,1209.99
2014-10-09,1219.67
2014-10-10,1223.36
2014-10-13,1230.87
2014-10-14,1235.26
2014-10-15,1229.15
2014-10-16,1240.08
2014-10-17,1238.39
2014-10-20,1234.49
2014-10-21,1245.69
2014-10-22,1248.45
2014-10-23,1242.42
2014-10-24,1231.28
2014-10-27,1227.91
2014-10-28,1226.06
2014-10-29,1228.89
2014-10-30,1212.46
2014-10-31,1200.08
2014-11-03,1166.19
2014-11-04,1165.04
2014-11-05,1168.83
2014-11-06,1143.38
2014-11-07,1140.43
2014-11-10,1170.4
2014-11-11,1155.27
2014-11-12,1161.64
2014-11-13,1158.87
2014-11-14,1160.75
2014-11-17,1182.05
2014-11-18,1186.13
2014-11-19,1194.93
2014-11-20,1182.04
2014-11-21,1193.03
2014-11-24,1201.45
2014-11-25,1197.08
2014-11-26,1201.13
2014-11-27,1197.56
2014-11-28,1189.34
2014-12-01,1150.93
2014-12-02,1205.83
2014-12-03,1197.64
2014-12-04,1207.98
2014-12-05,1204.29
2014-12-08,1189.15
2014-12-09,1202.93
2014-12-10,1229.06
2014-12-11,1229.48
2014-12-12,1226.53
2014-12-15,1221.76
2014-12-16,1198.53
2014-12-17,1197.64
2014-12-18,1190.27
2014-12-19,1196.57
2014-12-22,1195.49
2014-12-23,1173.84
2014-12-24,1178.28
2014-12-25,1174.95
2014-12-26,1176.97
2014-12-29,1193.76
2014-12-30,1181.68
2014-12-31,1199.39
2015-01-01,1184.08
2015-01-02,1186.71
2015-01-05,1183.85
2015-01-06,1203.2
2015-01-07,1216.07
2015-01-08,1212.3
2015-01-09,1208.06
2015-01-12,1225.47
2015-01-13,1231.23
2015-01-14,1232.96
2015-01-15,1230.86
2015-01-16,1261.83
2015-01-19,1278.61
2015-01-20,1275.5
2015-01-21,1292.01
2015-01-22,1291.84
2015-01-23,1300.8
2015-01-26,1296.81
2015-01-27,1279.82
2015-01-28,1293.35
2015-01-29,1284.89
2015-01-30,1260.64
2015-02-02,1280.61
2015-02-03,1274.54
2015-02-04,1261.39
2015-02-05,1272.35
2015-02-06,1265.28
2015-02-09,1237.87
2015-02-10,1238.62
2015-02-11,1233.4
2015-02-12,1220.45
2015-02-13,1223.52
2015-02-16,1228.88
2015-02-17,1231.77
2015-02-18,1209.31
2015-02-19,1213.08
2015-02-20,1208.8
2015-02-23,1202.26
2015-02-24,1203.04
2015-02-25,1204.78
2015-02-26,1205.5
2015-02-27,1210.04
2015-03-02,1213.99
2015-03-03,1206.83
2015-03-04,1204.55
2015-03-05,1202.12
2015-03-06,1200.05
2015-03-09,1169.59
2015-03-10,1166.54
2015-03-11,1163.84
2015-03-12,1155.45
2015-03-13,1154.02
2015-03-16,1156.81
2015-03-17,1156.31
2015-03-18,1149.65
2015-03-19,1171.55
2015-03-20,1171.91
2015-03-23,1186.35
2015-03-24,1189.51
2015-03-25,1191.65
2015-03-26,1194.85
2015-03-27,1203.15
2015-03-30,1197.14
2015-03-31,1185.86
2015-04-01,1183.55
2015-04-02,1203.82
2015-04-03,1202.37
2015-04-06,1217.73
2015-04-07,1214.59
2015-04-08,1208.86
2015-04-09,1201.12
2015-04-10,1194.36
2015-04-13,1207.89
2015-04-14,1199.11
2015-04-15,1193.82
2015-04-16,1204.71
2015-04-17,1199.0
2015-04-20,1206.41
2015-04-21,1195.97
2015-04-22,1201.75
2015-04-23,1188.9
2015-04-24,1193.71
2015-04-27,1179.84
2015-04-28,1199.77
2015-04-29,1211.62
2015-04-30,1204.54
2015-05-01,1184.35
2015-05-04,1178.46
2015-05-05,1188.32
2015-05-06,1195.18
2015-05-07,1190.25
2015-05-08,1184.17
2015-05-11,1189.82
2015-05-12,1183.7
2015-05-13,1192.31
2015-05-14,1213.54
2015-05-15,1220.97
2015-05-18,1223.72
2015-05-19,1224.13
2015-05-20,1209.31
2015-05-21,1209.89
2015-05-22,1205.83
2015-05-25,1203.9
2015-05-26,1206.74
2015-05-27,1188.29
2015-05-28,1187.42
2015-05-29,1188.74
2015-06-01,1191.21
2015-06-02,1188.95
2015-06-03,1193.54
2015-06-04,1185.52
2015-06-05,1177.67
2015-06-08,1171.18
2015-06-09,1173.42
2015-06-10,1177.19
2015-06-11,1186.21
2015-06-12,1181.59
2015-06-15,1183.88
2015-06-16,1185.92
2015-06-17,1182.06
2015-06-18,1184.91
2015-06-19,1200.38
2015-06-22,1198.89
2015-06-23,1185.73
2015-06-24,1178.65
2015-06-25,1175.32
2015-06-26,1174.32
2015-06-29,1185.45
2015-06-30,1179.06
2015-07-01,1171.99
2015-07-02,1168.17
2015-07-03,1165.87
2015-07-06,1173.11
2015-07-07,1169.37
2015-07-08,1154.42
2015-07-09,1156.73
2015-07-10,1158.03
2015-07-13,1162.43
2015-07-14,1156.49
2015-07-15,1156.09
2015-07-16,1147.97
2015-07-17,1144.54
2015-07-20,1132.12
2015-07-21,1099.28
2015-07-22,1099.54
2015-07-23,1094.05
2015-07-24,1090.82
2015-07-27,1097.24
2015-07-28,1094.2
2015-07-29,1095.8
2015-07-30,1097.45
2015-07-31,1088.97
2015-08-03,1093.15
2015-08-04,1084.19
2015-08-05,1085.67
2015-08-06,1084.92
2015-08-07,1089.22
2015-08-10,1091.76
2015-08-11,1105.7
2015-08-12,1108.56
2015-08-13,1123.97
2015-08-14,1114.33
2015-08-17,1114.26
2015-08-18,1116.97
2015-08-19,1117.57
2015-08-20,1133.64
2015-08-21,1155.63
2015-08-24,1162.93
2015-08-25,1153.61
2015-08-26,1146.09
2015-08-27,1124.32
2015-08-28,1126.7
2015-08-31,1132.35
2015-09-01,1134.72
2015-09-02,1139.31
2015-09-03,1132.99
2015-09-04,1125.62
2015-09-07,1120.59
2015-09-08,1120.6
2015-09-09,1122.66
2015-09-10,1107.74
2015-09-11,1111.59
2015-09-14,1104.76
2015-09-15,1109.06
2015-09-16,1105.06
2015-09-17,1119.68
2015-09-18,1130.89
2015-09-21,1137.29
2015-09-22,1123.2
2015-09-23,1124.8
2015-09-24,1130.3
2015-09-25,1154.1
2015-09-28,1146.0
2015-09-29,1131.9
2015-09-30,1127.4
2015-10-01,1114.9
2015-10-02,1113.8
2015-10-05,1137.7
2015-10-06,1135.7
2015-10-07,1147.2
2015-10-08,1145.6
2015-10-09,1139.0
2015-10-12,1157.3
2015-10-13,1163.8
2015-10-14,1168.9
2015-10-15,1184.1
2015-10-16,1183.0
2015-10-19,1176.2
2015-10-20,1170.8
2015-10-21,1176.0
2015-10-22,1167.2
2015-10-23,1166.1
2015-10-26,1164.5
2015-10-27,1163.1
2015-10-28,1166.9
2015-10-29,1156.2
2015-10-30,1145.975
2015-11-02,1142.015
2015-11-03,1133.875
2015-11-04,1117.825
2015-11-05,1107.875
2015-11-06,1103.975
2015-11-09,1088.375
2015-11-10,1092.375
2015-11-11,1089.775
2015-11-12,1086.4
2015-11-13,1085.25
2015-11-16,1082.265
2015-11-17,1082.875
2015-11-18,1070.35
2015-11-19,1070.65
2015-11-20,1082.175
2015-11-23,1077.8
2015-11-24,1069.225
2015-11-25,1075.575
2015-11-26,1071.35
2015-11-27,1072.1
2015-11-30,1057.75
2015-12-01,1064.675
2015-12-02,1069.275
2015-12-03,1053.675
2015-12-04,1062.0
2015-12-07,1086.835
2015-12-08,1071.5
2015-12-09,1074.9
2015-12-10,1072.85
2015-12-11,1071.65
2015-12-14,1076.36
2015-12-15,1060.125
2015-12-16,1061.175
2015-12-17,1072.45
2015-12-18,1051.2
2015-12-21,1066.325
2015-12-22,1078.2
2015-12-23,1072.425
2015-12-24,1070.325
2015-12-28,1076.11
2015-12-29,1069.35
2015-12-30,1069.1
2015-12-31,1061.375
2016-01-04,1061.375
2016-01-05,1074.7
2016-01-06,1077.575
2016-01-07,1093.675
2016-01-08,1108.975
2016-01-11,1104.275
2016-01-12,1094.325
2016-01-13,1086.35
2016-01-14,1093.575
2016-01-15,1078.475
2016-01-18,1088.8
2016-01-19,1089.025
2016-01-20,1087.375
2016-01-21,1100.775
2016-01-22,1101.125
2016-01-25,1098.075
2016-01-26,1107.925
2016-01-27,1119.8
2016-01-28,1124.975
2016-01-29,1115.155
2016-02-01,1118.15
2016-02-02,1128.425
2016-02-03,1129.15
2016-02-04,1142.55
2016-02-05,1155.55
2016-02-08,1173.8
2016-02-09,1189.125
2016-02-10,1189.075
2016-02-11,1197.125
2016-02-12,1246.8
2016-02-15,1237.9
2016-02-16,1209.7
2016-02-17,1200.3
2016-02-18,1208.4
2016-02-19,1230.9
2016-02-22,1226.5
2016-02-23,1208.9
2016-02-24,1225.6
2016-02-25,1228.9
2016-02-26,1233.0
2016-02-29,1222.5
2016-03-01,1238.5
2016-03-02,1232.2
2016-03-03,1239.9
2016-03-04,1264.3
2016-03-07,1259.3
2016-03-08,1267.2
2016-03-09,1261.5
2016-03-10,1253.3
2016-03-11,1272.2
2016-03-14,1250.8
2016-03-15,1235.2
2016-03-16,1232.4
2016-03-17,1262.6
2016-03-18,1258.0
2016-03-21,1255.3
2016-03-22,1243.8
2016-03-23,1248.4
2016-03-24,1219.9
2016-03-25,1216.9
2016-03-28,1217.1
2016-03-29,1221.7
2016-03-30,1242.2
2016-03-31,1225.1
2016-04-01,1232.6
2016-04-04,1222.7
2016-04-05,1215.7
2016-04-06,1231.3
2016-04-07,1222.4
2016-04-08,1240.4
2016-04-11,1239.5
2016-04-12,1257.9
2016-04-13,1255.4
2016-04-14,1242.5
2016-04-15,1227.9
2016-04-18,1234.1
2016-04-19,1232.6
2016-04-20,1250.3
2016-04-21,1244.3
2016-04-22,1248.1
2016-04-25,1232.7
2016-04-26,1238.0
2016-04-27,1243.4
2016-04-28,1245.8
2016-04-29,1266.1
2016-05-02,1292.9
2016-05-03,1291.6
2016-05-04,1286.5
2016-05-05,1279.6
2016-05-06,1277.8
2016-05-09,1287.8
2016-05-10,1264.1
2016-05-11,1265.9
2016-05-12,1277.3
2016-05-13,1263.9
2016-05-16,1273.2
2016-05-17,1274.2
2016-05-18,1278.9
2016-05-19,1258.7
2016-05-20,1254.7
2016-05-23,1252.3
2016-05-24,1249.0
2016-05-25,1227.2
2016-05-26,1224.3
2016-05-27,1219.8
2016-05-30,1213.0
2016-05-31,1205.4
2016-06-01,1215.2
2016-06-02,1213.1
2016-06-03,1211.1
2016-06-06,1244.4
2016-06-07,1245.2
2016-06-08,1243.8
2016-06-09,1262.5
2016-06-10,1269.6
2016-06-13,1273.8
2016-06-14,1283.9
2016-06-15,1285.6
2016-06-16,1291.8
2016-06-17,1278.5
2016-06-20,1298.8
2016-06-21,1289.8
2016-06-22,1268.2
2016-06-23,1266.1
2016-06-24,1256.9
2016-06-27,1315.6
2016-06-28,1324.5
2016-06-29,1311.9
2016-06-30,1319.2
2016-07-01,1322.3
2016-07-04,1341.9
2016-07-05,1351.0
2016-07-06,1356.5
2016-07-07,1363.9
2016-07-08,1360.4
2016-07-11,1364.1
2016-07-12,1355.5
2016-07-13,1333.2
2016-07-14,1342.7
2016-07-15,1335.3
2016-07-18,1337.2
2016-07-19,1328.9
2016-07-20,1332.0
2016-07-21,1315.9
2016-07-22,1331.2
2016-07-25,1321.7
2016-07-26,1315.4
2016-07-27,1320.4
2016-07-28,1339.7
2016-07-29,1335.9
2016-08-01,1351.0
2016-08-02,1353.2
2016-08-03,1363.6
2016-08-04,1358.2
2016-08-05,1361.1
2016-08-08,1336.0
2016-08-09,1335.4
2016-08-10,1340.7
2016-08-11,1346.6
2016-08-12,1338.8
2016-08-15,1336.4
2016-08-16,1339.4
2016-08-17,1345.9
2016-08-18,1348.7
2016-08-19,1352.2
2016-08-22,1341.8
2016-08-23,1339.1
2016-08-24,1337.5
2016-08-25,1324.2
2016-08-26,1321.9
2016-08-29,1321.4
2016-08-30,1323.4
2016-08-31,1311.1
2016-09-01,1309.0
2016-09-02,1313.7
2016-09-05,1325.1
2016-09-06,1326.9
2016-09-07,1349.9
2016-09-08,1345.3
2016-09-09,1338.3
2016-09-12,1328.0
2016-09-13,1327.6
2016-09-14,1319.2
2016-09-15,1323.0
2016-09-16,1314.8
2016-09-19,1310.2
2016-09-20,1313.1
2016-09-21,1314.8
2016-09-22,1335.2
2016-09-23,1337.3
2016-09-26,1337.6
2016-09-27,1338.0
2016-09-28,1327.4
2016-09-29,1321.6
2016-09-30,1320.3
2016-10-03,1315.9
2016-10-04,1311.8
2016-10-05,1268.3
2016-10-06,1266.9
2016-10-07,1254.4
2016-10-10,1257.3
2016-10-11,1259.6
2016-10-12,1252.7
2016-10-13,1255.2
2016-10-14,1258.2
2016-10-17,1251.0
2016-10-18,1255.7
2016-10-19,1262.4
2016-10-20,1269.3
2016-10-21,1265.7
2016-10-24,1266.1
2016-10-25,1264.4
2016-10-26,1273.9
2016-10-27,1267.1
2016-10-28,1268.3
2016-10-31,1275.5
2016-11-01,1277.1
2016-11-02,1288.0
2016-11-03,1296.9
2016-11-04,1302.6
2016-11-07,1304.7
2016-11-08,1281.7
2016-11-09,1275.5
2016-11-10,1278.0
2016-11-11,1258.9
2016-11-14,1227.4
2016-11-15,1221.3
2016-11-16,1228.8
2016-11-17,1225.3
2016-11-18,1216.4
2016-11-21,1208.1
2016-11-22,1214.2
2016-11-23,1212.3
2016-11-24,1188.3
2016-11-25,1184.1
2016-11-28,1183.5
2016-11-29,1194.1
2016-11-30,1188.3
2016-12-01,1173.3
2016-12-02,1171.7
2016-12-05,1177.4
2016-12-06,1170.4
2016-12-07,1169.9
2016-12-08,1173.8
2016-12-09,1170.7
2016-12-12,1160.0
2016-12-13,1162.2
2016-12-14,1158.4
2016-12-15,1143.0
2016-12-16,1128.4
2016-12-19,1134.8
2016-12-20,1137.9
2016-12-21,1132.4
2016-12-22,1131.5
2016-12-23,1128.5
2016-12-27,1132.0
2016-12-28,1139.0
2016-12-29,1141.5
2016-12-30,1158.1
2017-01-03,1150.3
2017-01-04,1158.9
2017-01-05,1163.7
2017-01-06,1180.3
2017-01-09,1172.9
2017-01-10,1181.0
2017-01-11,1187.7
2017-01-12,1191.6
2017-01-13,1195.4
2017-01-16,1197.3
2017-01-17,1203.0
2017-01-18,1217.1
2017-01-19,1204.2
2017-01-20,1204.8
2017-01-23,1210.2
2017-01-24,1218.2
2017-01-25,1209.0
2017-01-26,1200.6
2017-01-27,1188.6
2017-01-30,1191.39
2017-01-31,1195.43
2017-02-01,1210.68
2017-02-02,1209.83
2017-02-03,1215.86
2017-02-06,1220.34
2017-02-07,1235.44
2017-02-08,1233.94
2017-02-09,1241.41
2017-02-10,1228.47
2017-02-13,1233.71
2017-02-14,1225.42
2017-02-15,1228.07
2017-02-16,1233.71
2017-02-17,1239.09
2017-02-20,1235.01
2017-02-21,1237.67
2017-02-22,1235.7
2017-02-23,1237.55
2017-02-24,1249.59
2017-02-27,1257.25
2017-02-28,1253.0
2017-03-01,1248.37
2017-03-02,1249.62
2017-03-03,1234.47
2017-03-06,1234.03
2017-03-07,1225.39
2017-03-08,1215.93
2017-03-09,1208.4
2017-03-10,1200.9
2017-03-13,1204.92
2017-03-14,1204.02
2017-03-15,1198.97
2017-03-16,1219.64
2017-03-17,1226.45
2017-03-20,1229.21
2017-03-21,1234.22
2017-03-22,1244.68
2017-03-23,1248.8
2017-03-24,1245.15
2017-03-27,1243.69
2017-03-28,1254.35
2017-03-29,1251.94
2017-03-30,1253.44
2017-03-31,1242.71
2017-04-03,1249.54
2017-04-04,1253.39
2017-04-05,1256.19
2017-04-06,1255.68
2017-04-07,1251.82
2017-04-10,1254.2
2017-04-11,1254.71
2017-04-12,1274.74
2017-04-13,1286.69
2017-04-17,1287.74
2017-04-18,1283.97
2017-04-19,1289.6
2017-04-20,1280.24
2017-04-21,1281.85
2017-04-24,1284.07
2017-04-25,1276.23
2017-04-26,1264.37
2017-04-27,1269.17
2017-04-28,1264.37
2017-05-01,1268.24
2017-05-02,1256.74
2017-05-03,1256.88
2017-05-04,1238.18
2017-05-05,1228.12
2017-05-08,1228.49
2017-05-09,1226.2
2017-05-10,1221.46
2017-05-11,1219.22
2017-05-12,1225.0
2017-05-15,1228.81
2017-05-16,1230.67
2017-05-17,1236.97
2017-05-18,1261.13
2017-05-19,1247.11
2017-05-22,1255.87
2017-05-23,1260.53
2017-05-24,1251.15
2017-05-25,1258.76
2017-05-26,1255.63
2017-05-29,1266.82
2017-05-30,1267.08
2017-05-31,1263.08
2017-06-01,1268.9
2017-06-02,1265.93
2017-06-05,1279.1
2017-06-06,1279.56
2017-06-07,1294.16
2017-06-08,1287.14
2017-06-09,1278.08
2017-06-12,1266.59
2017-06-13,1265.97
2017-06-14,1266.61
2017-06-15,1260.71
2017-06-16,1254.07
2017-06-19,1253.95
2017-06-20,1243.95
2017-06-21,1243.11
2017-06-22,1246.47
2017-06-23,1250.47
2017-06-26,1256.69
2017-06-27,1244.77
2017-06-28,1247.24
2017-06-29,1249.29
2017-06-30,1245.51
2017-07-03,1241.68
2017-07-04,1220.08
2017-07-05,1223.49
2017-07-06,1226.95
2017-07-07,1225.26
2017-07-10,1213.29
2017-07-11,1214.44
2017-07-12,1217.71
2017-07-13,1220.48
2017-07-14,1217.51
2017-07-17,1229.12
2017-07-18,1234.05
2017-07-19,1242.37
2017-07-20,1241.28
2017-07-21,1244.54
2017-07-24,1254.87
2017-07-25,1255.35
2017-07-26,1250.08
2017-07-27,1260.45
2017-07-28,1258.98
2017-07-31,1269.53
2017-08-01,1269.45
2017-08-02,1268.85
2017-08-03,1266.72
2017-08-04,1268.42
2017-08-07,1258.78
2017-08-08,1257.83
2017-08-09,1260.92
2017-08-10,1277.32
2017-08-11,1286.29
2017-08-14,1289.34
2017-08-15,1282.19
2017-08-16,1271.51
2017-08-17,1283.2
2017-08-18,1288.03
2017-08-21,1283.87
2017-08-22,1291.86
2017-08-23,1285.08
2017-08-24,1290.88
2017-08-25,1286.4
2017-08-28,1291.37
2017-08-29,1310.07
2017-08-30,1309.32
2017-08-31,1308.65
2017-09-01,1321.41
2017-09-04,1325.02
2017-09-05,1333.97
2017-09-06,1339.66
2017-09-07,1334.31
2017-09-08,1349.26
2017-09-11,1346.46
2017-09-12,1327.44
2017-09-13,1331.82
2017-09-14,1323.16
2017-09-15,1329.69
2017-09-18,1320.27
2017-09-19,1307.7
2017-09-20,1311.04
2017-09-21,1301.15
2017-09-22,1291.25
2017-09-25,1297.4
2017-09-26,1310.73
2017-09-27,1294.16
2017-09-28,1282.88
2017-09-29,1287.26
2017-10-02,1279.98
2017-10-03,1270.92
2017-10-04,1271.7
2017-10-05,1274.92
2017-10-06,1268.43
2017-10-09,1276.47
2017-10-10,1284.09
2017-10-11,1287.92
2017-10-12,1291.61
2017-10-13,1293.74
2017-10-16,1303.73
2017-10-17,1295.11
2017-10-18,1285.18
2017-10-19,1280.97
2017-10-20,1290.08
2017-10-23,1280.54
2017-10-24,1282.26
2017-10-25,1276.81
2017-10-26,1277.43
2017-10-27,1267.15
2017-10-30,1273.81
2017-10-31,1276.32
2017-11-01,1270.97
2017-11-02,1274.65
2017-11-03,1276.03
2017-11-06,1269.9
2017-11-07,1282.0
2017-11-08,1275.4
2017-11-09,1281.33
2017-11-10,1285.11
2017-11-13,1275.64
2017-11-14,1278.18
2017-11-15,1280.37
2017-11-16,1278.18
2017-11-17,1278.75
2017-11-20,1294.07
2017-11-21,1276.91
2017-11-22,1280.49
2017-11-23,1291.92
2017-11-24,1291.18
2017-11-27,1288.61
2017-11-28,1294.43
2017-11-29,1294.01
2017-11-30,1283.71
2017-12-01,1275.0
2017-12-04,1280.49
2017-12-05,1276.04
2017-12-06,1265.99
2017-12-07,1263.37
2017-12-08,1247.3
2017-12-11,1248.47
2017-12-12,1242.1
2017-12-13,1244.59
2017-12-14,1255.48
2017-12-15,1252.92
2017-12-18,1255.32
2017-12-19,1262.32
2017-12-20,1261.66
2017-12-21,1265.51
2017-12-22,1266.53
2017-12-26,1274.41
2017-12-27,1282.96
2017-12-28,1287.14
2017-12-29,1294.89
2018-01-02,1303.19
2018-01-03,1317.63
2018-01-04,1313.15
2018-01-05,1322.67
2018-01-08,1319.38
2018-01-09,1320.45
2018-01-10,1312.7
2018-01-11,1316.94
2018-01-12,1322.41
2018-01-15,1337.89
2018-01-16,1340.59
2018-01-17,1338.43
2018-01-18,1327.05
2018-01-19,1327.01
2018-01-22,1331.88
2018-01-23,1333.93
2018-01-24,1341.29
2018-01-25,1358.51
2018-01-26,1348.05
2018-01-29,1351.61
2018-01-30,1340.39
2018-01-31,1338.66
2018-02-01,1345.04
2018-02-02,1348.65
2018-02-05,1333.04
2018-02-06,1339.47
2018-02-07,1324.16
2018-02-08,1318.43
2018-02-09,1318.59
2018-02-12,1316.2
2018-02-13,1322.66
2018-02-14,1329.53
2018-02-15,1350.6
2018-02-16,1353.58
2018-02-19,1347.21
2018-02-20,1346.65
2018-02-21,1329.2
2018-02-22,1324.72
2018-02-23,1332.17
2018-02-26,1328.92
2018-02-27,1333.42
2018-02-28,1318.36
2018-03-01,1318.31
2018-03-02,1316.99
2018-03-05,1322.74
2018-03-06,1320.17
2018-03-07,1334.67
2018-03-08,1325.53
2018-03-09,1322.04
2018-03-12,1323.37
2018-03-13,1323.0
2018-03-14,1326.39
2018-03-15,1324.82
2018-03-16,1316.21
2018-03-19,1314.34
2018-03-20,1316.79
2018-03-21,1311.38
2018-03-22,1332.43
2018-03-23,1329.02
2018-03-26,1347.15
2018-03-27,1353.35
2018-03-28,1345.13
2018-03-29,1325.06
2018-04-02,1325.54
2018-04-03,1341.33
2018-04-04,1332.98
2018-04-05,1333.26
2018-04-06,1326.66
2018-04-09,1333.57
2018-04-10,1336.26
2018-04-11,1339.47
2018-04-12,1353.43
2018-04-13,1335.46
2018-04-16,1345.22
2018-04-17,1346.12
2018-04-18,1347.43
2018-04-19,1349.51
2018-04-20,1345.7
2018-04-23,1335.68
2018-04-24,1324.91
2018-04-25,1330.46
2018-04-26,1323.11
2018-04-27,1316.92
2018-04-30,1323.42
2018-05-01,1315.4
2018-05-02,1303.93
2018-05-03,1305.02
2018-05-04,1312.2
2018-05-07,1315.07
2018-05-08,1314.17
2018-05-09,1314.51
2018-05-10,1312.75
2018-05-11,1321.4
2018-05-14,1318.32
2018-05-15,1313.41
2018-05-16,1290.56
2018-05-17,1290.69
2018-05-18,1290.71
2018-05-21,1292.49
2018-05-22,1292.54
2018-05-23,1291.28
2018-05-24,1293.42
2018-05-25,1304.73
2018-05-28,1301.62
2018-05-29,1298.45
2018-05-30,1299.09
2018-05-31,1301.31
2018-06-01,1298.58
2018-06-04,1293.16
2018-06-05,1292.02
2018-06-06,1296.29
2018-06-07,1296.49
2018-06-08,1297.23
2018-06-11,1299.42
2018-06-12,1300.39
2018-06-13,1296.04
2018-06-14,1299.49
2018-06-15,1302.31
2018-06-18,1278.94
2018-06-19,1278.37
2018-06-20,1274.7
2018-06-21,1267.82
2018-06-22,1267.28
2018-06-25,1268.96
2018-06-26,1265.57
2018-06-27,1259.09
2018-06-28,1252.14
2018-06-29,1248.33
2018-07-02,1253.01
2018-07-03,1242.13
2018-07-04,1252.94
2018-07-05,1255.45
2018-07-06,1257.87
2018-07-09,1255.03
2018-07-10,1257.64
2018-07-11,1255.53
2018-07-12,1242.21
2018-07-13,1247.08
2018-07-16,1241.57
2018-07-17,1240.93
2018-07-18,1227.52
2018-07-19,1227.51
2018-07-20,1222.92
2018-07-23,1232.01
2018-07-24,1224.57
2018-07-25,1224.46
2018-07-26,1231.57
2018-07-27,1222.71
2018-07-30,1223.05
2018-07-31,1221.5
2018-08-01,1223.89
2018-08-02,1215.95
2018-08-03,1207.9
2018-08-06,1213.51
2018-08-07,1207.49
2018-08-08,1211.05
2018-08-09,1213.79
2018-08-10,1212.38
2018-08-13,1211.59
2018-08-14,1193.62
2018-08-15,1194.09
2018-08-16,1174.86
2018-08-17,1174.2
2018-08-20,1185.11
2018-08-21,1190.44
2018-08-22,1196.11
2018-08-23,1195.53
2018-08-24,1185.55
2018-08-27,1205.98
2018-08-28,1211.51
2018-08-29,1201.11
2018-08-30,1206.56
2018-08-31,1199.85
2018-09-03,1201.16
2018-09-04,1201.11
2018-09-05,1191.39
2018-09-06,1196.6
2018-09-07,1200.21
2018-09-10,1196.09
2018-09-11,1195.92
2018-09-12,1198.66
2018-09-13,1205.94
2018-09-14,1201.56
2018-09-17,1193.78
2018-09-18,1201.43
2018-09-19,1198.45
2018-09-20,1204.1
2018-09-21,1207.11
2018-09-24,1199.57
2018-09-25,1199.06
2018-09-26,1201.28
2018-09-27,1194.52
2018-09-28,1182.69
2018-10-01,1191.99
2018-10-02,1188.9
2018-10-03,1203.25
2018-10-04,1197.42
2018-10-05,1199.8
2018-10-08,1202.78
2018-10-09,1188.02
2018-10-10,1189.7
2018-10-11,1194.62
2018-10-12,1224.27
2018-10-15,1217.94
2018-10-16,1227.08
2018-10-17,1224.96
2018-10-18,1222.41
2018-10-19,1225.8
2018-10-22,1226.8
2018-10-23,1222.05
2018-10-24,1230.33
2018-10-25,1233.31
2018-10-26,1232.26
2018-10-29,1233.41
2018-10-30,1229.62
2018-10-31,1223.08
2018-11-01,1214.65
2018-11-02,1233.27
2018-11-05,1233.11
2018-11-06,1231.56
2018-11-07,1227.09
2018-11-08,1226.65
2018-11-09,1224.0
2018-11-12,1209.82
2018-11-13,1200.48
2018-11-14,1202.17
2018-11-15,1210.97
2018-11-16,1213.22
2018-11-19,1221.28
2018-11-20,1224.05
2018-11-21,1221.74
2018-11-22,1226.02
2018-11-23,1227.22
2018-11-26,1223.1
2018-11-27,1222.5
2018-11-28,1215.05
2018-11-29,1220.97
2018-11-30,1224.47
2018-12-03,1222.48
2018-12-04,1230.72
2018-12-05,1238.54
2018-12-06,1237.55
2018-12-07,1237.82
2018-12-10,1248.59
2018-12-11,1244.53
2018-12-12,1243.11
2018-12-13,1245.61
2018-12-14,1241.95
2018-12-17,1238.55
2018-12-18,1245.83
2018-12-19,1249.4
2018-12-20,1243.09
2018-12-21,1259.79
2018-12-24,1255.55
2018-12-26,1269.49
2018-12-27,1267.05
2018-12-28,1275.44
2018-12-31,1280.97
2019-01-02,1282.36
2019-01-03,1284.53
2019-01-04,1294.21
2019-01-07,1284.78
2019-01-08,1288.91
2019-01-09,1285.44
2019-01-10,1293.46
2019-01-11,1286.63
2019-01-14,1287.41
2019-01-15,1291.64
2019-01-16,1289.5
2019-01-17,1293.89
2019-01-18,1292.0
2019-01-21,1281.72
2019-01-22,1280.35
2019-01-23,1284.96
2019-01-24,1282.75
2019-01-25,1281.33
2019-01-28,1303.41
2019-01-29,1303.23
2019-01-30,1311.67
2019-01-31,1319.74
2019-02-01,1321.5
2019-02-04,1318.51
2019-02-05,1312.21
2019-02-06,1315.16
2019-02-07,1306.55
2019-02-08,1310.28
2019-02-11,1313.89
2019-02-12,1308.01
2019-02-13,1310.73
2019-02-14,1306.72
2019-02-15,1312.79
2019-02-18,1321.05
2019-02-19,1326.54
2019-02-20,1340.9
2019-02-21,1338.42
2019-02-22,1323.67
2019-02-25,1327.66
2019-02-26,1327.54
2019-02-27,1328.94
2019-02-28,1320.1
2019-03-01,1313.51
2019-03-04,1293.89
2019-03-05,1286.68
2019-03-06,1287.85
2019-03-07,1286.3
2019-03-08,1285.7
2019-03-11,1298.34
2019-03-12,1293.45
2019-03-13,1301.42
2019-03-14,1309.31
2019-03-15,1296.2
2019-03-18,1302.7
2019-03-19,1303.31
2019-03-20,1306.84
2019-03-21,1312.19
2019-03-22,1309.19
2019-03-25,1313.13
2019-03-26,1321.91
2019-03-27,1315.57
2019-03-28,1309.61
2019-03-29,1290.34
2019-04-01,1292.17
2019-04-02,1287.65
2019-04-03,1292.52
2019-04-04,1289.79
2019-04-05,1291.75
2019-04-08,1292.29
2019-04-09,1297.46
2019-04-10,1304.09
2019-04-11,1308.0
2019-04-12,1292.64
2019-04-15,1293.22
2019-04-16,1287.9
2019-04-17,1276.82
2019-04-18,1273.79
2019-04-22,1275.29
2019-04-23,1274.84
2019-04-24,1272.43
2019-04-25,1275.63
2019-04-26,1277.22
2019-04-29,1286.34
2019-04-30,1279.78
2019-05-01,1283.55
2019-05-02,1276.81
2019-05-03,1270.58
2019-05-06,1278.97
2019-05-07,1280.86
2019-05-08,1284.53
2019-05-09,1280.83
2019-05-10,1283.93
2019-05-13,1286.01
2019-05-14,1299.87
2019-05-15,1297.01
2019-05-16,1296.4
2019-05-17,1286.68
2019-05-20,1277.7
2019-05-21,1277.76
2019-05-22,1274.71
2019-05-23,1273.52
2019-05-24,1283.39
2019-05-27,1284.88
2019-05-28,1285.11
2019-05-29,1278.93
2019-05-30,1279.74
2019-05-31,1288.4
2019-06-03,1302.91
2019-06-04,1325.23
2019-06-05,1325.6
2019-06-06,1330.41
2019-06-07,1335.39
2019-06-10,1340.59
2019-06-11,1327.99
2019-06-12,1327.12
2019-06-13,1333.58
2019-06-14,1342.12
2019-06-17,1343.79
2019-06-18,1339.92
2019-06-19,1346.63
2019-06-20,1360.4
2019-06-21,1388.46
2019-06-24,1400.35
2019-06-25,1419.81
2019-06-26,1424.56
2019-06-27,1409.02
2019-06-28,1409.85
2019-07-01,1409.5
2019-07-02,1383.23
2019-07-03,1418.64
2019-07-04,1418.68
2019-07-05,1415.41
2019-07-08,1398.98
2019-07-09,1395.55
2019-07-10,1396.76
2019-07-11,1418.76
2019-07-12,1403.86
2019-07-15,1417.68
2019-07-16,1413.96
2019-07-17,1406.22
2019-07-18,1426.54
2019-07-19,1446.04
2019-07-22,1425.45
2019-07-23,1424.86
2019-07-24,1417.44
2019-07-25,1425.84
2019-07-26,1414.49
2019-07-29,1418.69
2019-07-30,1426.88
2019-07-31,1430.92
2019-08-01,1413.77
2019-08-02,1445.33
2019-08-05,1442.64
2019-08-06,1463.9
2019-08-07,1474.31
2019-08-08,1501.36
2019-08-09,1501.85
2019-08-12,1500.65
2019-08-13,1511.38
2019-08-14,1501.28
2019-08-15,1516.48
2019-08-16,1523.14
2019-08-19,1512.72
2019-08-20,1495.82
2019-08-21,1507.32
2019-08-22,1502.67
2019-08-23,1498.26
2019-08-26,1526.88
2019-08-27,1527.28
2019-08-28,1542.76
2019-08-29,1538.97
2019-08-30,1527.72
2019-09-02,1518.12
2019-09-03,1529.15
2019-09-04,1547.24
2019-09-05,1552.53
2019-09-06,1519.14
2019-09-09,1510.35
2019-09-10,1499.1
2019-09-11,1485.63
2019-09-12,1497.36
2019-09-13,1499.26
2019-09-16,1488.66
2019-09-17,1498.43
2019-09-18,1501.4
2019-09-19,1494.09
2019-09-20,1499.04
2019-09-23,1516.91
2019-09-24,1522.16
2019-09-25,1531.88
2019-09-26,1503.85
2019-09-27,1504.62
2019-09-30,1498.03
2019-10-01,1472.5
2019-10-02,1479.22
2019-10-03,1499.49
2019-10-04,1505.19
2019-10-07,1506.2
2019-10-08,1493.46
2019-10-09,1505.58
2019-10-10,1505.52
2019-10-11,1494.09
2019-10-14,1484.75
2019-10-15,1493.18
2019-10-16,1481.2
2019-10-17,1489.97
2019-10-18,1491.82
2019-10-21,1490.96
2019-10-22,1484.48
2019-10-23,1487.85
2019-10-24,1492.11
2019-10-25,1503.84
2019-10-28,1505.94
2019-10-29,1492.58
2019-10-30,1487.78
2019-10-31,1495.71
2019-11-01,1512.83
2019-11-04,1514.52
2019-11-05,1509.68
2019-11-06,1483.72
2019-11-07,1490.41
2019-11-08,1468.59
2019-11-11,1459.54
2019-11-12,1455.84
2019-11-13,1456.27
2019-11-14,1463.57
2019-11-15,1471.28
2019-11-18,1467.69
2019-11-19,1471.45
2019-11-20,1472.51
2019-11-21,1471.58
2019-11-22,1464.41
2019-11-25,1461.3
2019-11-26,1455.26
2019-11-27,1461.37
2019-11-28,1454.56
2019-11-29,1456.18
2019-12-02,1463.91
2019-12-03,1462.49
2019-12-04,1477.63
2019-12-05,1474.61
2019-12-06,1475.99
2019-12-09,1460.16
2019-12-10,1461.62
2019-12-11,1464.36
2019-12-12,1474.71
2019-12-13,1469.81
2019-12-16,1475.92
2019-12-17,1476.12
2019-12-18,1476.25
2019-12-19,1475.48
2019-12-20,1478.94
2019-12-23,1478.37
2019-12-24,1485.49
2019-12-26,1499.01
2019-12-27,1511.3
2019-12-30,1511.18
2019-12-31,1515.13
2020-01-01,1517.37
2020-01-02,1517.35
2020-01-03,1529.04
2020-01-06,1552.39
2020-01-07,1565.95
2020-01-08,1574.34
2020-01-09,1556.45
2020-01-10,1552.52
2020-01-13,1562.22
2020-01-14,1547.94
2020-01-15,1546.43
2020-01-16,1556.21
2020-01-17,1552.43
2020-01-20,1557.29
2020-01-21,1560.66
2020-01-22,1558.21
2020-01-23,1558.68
2020-01-24,1562.92
2020-01-27,1571.81
2020-01-28,1581.97
2020-01-29,1567.24
2020-01-30,1576.94
2020-01-31,1574.31
2020-02-03,1586.17
2020-02-04,1576.8
2020-02-05,1552.99
2020-02-06,1556.0
2020-02-07,1566.66
2020-02-10,1570.39
2020-02-11,1572.07
2020-02-12,1567.8
2020-02-13,1566.22
2020-02-14,1576.0
2020-02-17,1583.82
2020-02-18,1581.21
2020-02-19,1601.53
2020-02-20,1611.69
2020-02-21,1619.59
2020-02-24,1643.32
2020-02-25,1659.37
2020-02-26,1635.06
2020-02-27,1640.93
2020-02-28,1645.07
2020-03-02,1585.97
2020-03-03,1589.47
2020-03-04,1641.06
2020-03-05,1636.92
2020-03-06,1672.24
2020-03-09,1673.63
2020-03-10,1680.54
2020-03-11,1649.4
2020-03-12,1634.9
2020-03-13,1576.09
2020-03-16,1529.99
2020-03-17,1514.32
2020-03-18,1528.19
2020-03-19,1486.12
2020-03-20,1470.94
2020-03-23,1498.68
2020-03-24,1553.08
2020-03-25,1629.03
2020-03-26,1612.9
2020-03-27,1629.66
2020-03-30,1631.35
2020-03-31,1622.4
2020-04-01,1577.36
2020-04-02,1594.9
2020-04-03,1613.78
2020-04-06,1623.01
2020-04-07,1661.0
2020-04-08,1650.8
2020-04-09,1645.91
2020-04-13,1683.29
2020-04-14,1714.88
2020-04-15,1727.82
2020-04-16,1716.03
2020-04-17,1718.05
2020-04-20,1686.76
2020-04-21,1695.94
2020-04-22,1686.32
2020-04-23,1713.33
2020-04-24,1730.79
2020-04-27,1729.8
2020-04-28,1714.65
2020-04-29,1708.28
2020-04-30,1713.28
2020-05-01,1686.53
2020-05-04,1703.65
2020-05-05,1701.97
2020-05-06,1706.05
2020-05-07,1685.42
2020-05-08,1718.5
2020-05-11,1702.68
2020-05-12,1697.58
2020-05-13,1699.94
2020-05-14,1715.51
2020-05-15,1731.45
2020-05-18,1747.11
2020-05-19,1732.65
2020-05-20,1745.11
2020-05-21,1748.09
2020-05-22,1727.32
2020-05-25,1735.3
2020-05-26,1729.86
2020-05-27,1710.8
2020-05-28,1709.31
2020-05-29,1722.74
2020-06-01,1729.57
2020-06-02,1739.73
2020-06-03,1727.74
2020-06-04,1696.54
2020-06-05,1714.11
2020-06-08,1685.45
2020-06-09,1698.54
2020-06-10,1715.25
2020-06-11,1738.81
2020-06-12,1727.6
2020-06-15,1730.58
2020-06-16,1725.11
2020-06-17,1729.54
2020-06-18,1726.8
2020-06-19,1722.85
2020-06-22,1744.51
2020-06-23,1755.7
2020-06-24,1768.45
2020-06-25,1761.29
2020-06-26,1763.62
2020-06-29,1771.13
2020-06-30,1772.95
2020-07-01,1780.89
2020-07-02,1769.92
2020-07-03,1775.09
2020-07-06,1775.67
2020-07-07,1784.63
2020-07-08,1795.07
2020-07-09,1808.96
2020-07-10,1803.56
2020-07-13,1798.76
2020-07-14,1802.81
2020-07-15,1809.23
2020-07-16,1810.26
2020-07-17,1797.2
2020-07-20,1810.07
2020-07-21,1817.49
2020-07-22,1841.79
2020-07-23,1871.42
2020-07-24,1887.51
2020-07-27,1905.8
2020-07-28,1942.2
2020-07-29,1958.47
2020-07-30,1970.69
2020-07-31,1956.72
2020-08-03,1984.68
2020-08-04,1976.97
2020-08-05,2019.2
2020-08-06,2038.12
2020-08-07,2066.32
2020-08-10,2034.99
2020-08-11,2027.41
2020-08-12,1911.79
2020-08-13,1915.91
2020-08-14,1953.72
2020-08-17,1945.04
2020-08-18,1985.46
2020-08-19,2002.51
2020-08-20,1929.04
2020-08-21,1947.22
2020-08-24,1940.49
2020-08-25,1929.0
2020-08-26,1928.18
2020-08-27,1954.27
2020-08-28,1929.53
2020-08-31,1962.93
2020-09-01,1967.8
2020-09-02,1970.38
2020-09-03,1942.73
2020-09-04,1930.88
2020-09-07,1933.46
2020-09-08,1928.46
2020-09-09,1931.97
2020-09-10,1946.7
2020-09-11,1945.99
2020-09-14,1941.55
2020-09-15,1956.69
2020-09-16,1954.15
2020-09-17,1959.1
2020-09-18,1944.01
2020-09-21,1954.8
2020-09-22,1912.38
2020-09-23,1900.18
2020-09-24,1863.45
2020-09-25,1867.91
2020-09-28,1861.7
2020-09-29,1881.48
2020-09-30,1898.09
2020-10-01,1885.9
2020-10-02,1906.15
2020-10-05,1899.86
2020-10-06,1913.35
2020-10-07,1878.18
2020-10-08,1887.29
2020-10-09,1893.8
2020-10-12,1930.47
2020-10-13,1922.74
2020-10-14,1891.36
2020-10-15,1901.8
2020-10-16,1908.71
2020-10-19,1898.5
2020-10-20,1904.2
2020-10-21,1906.53
2020-10-22,1924.46
2020-10-23,1904.13
2020-10-26,1903.33
2020-10-27,1902.24
2020-10-28,1908.03
2020-10-29,1877.33
2020-10-30,1867.88
2020-11-02,1879.02
2020-11-03,1895.24
2020-11-04,1909.19
2020-11-05,1902.98
2020-11-06,1949.67
2020-11-09,1945.73
2020-11-10,1862.44
2020-11-11,1878.74
2020-11-12,1865.46
2020-11-13,1876.83
2020-11-16,1889.45
2020-11-17,1888.96
2020-11-18,1880.04
2020-11-19,1872.21
2020-11-20,1866.09
2020-11-23,1879.73
2020-11-24,1837.5
2020-11-25,1807.94
2020-11-26,1807.79
2020-11-27,1810.48
2020-11-30,1787.16
2020-12-01,1777.12
2020-12-02,1815.58
2020-12-03,1830.73
2020-12-04,1841.07
2020-12-07,1835.86
2020-12-08,1862.75
2020-12-09,1870.26
2020-12-10,1839.72
2020-12-11,1836.66
2020-12-14,1840.13
2020-12-15,1827.17
2020-12-16,1853.53
2020-12-17,1864.49
2020-12-18,1885.56
2020-12-21,1881.24
2020-12-22,1876.77
2020-12-23,1860.01
2020-12-24,1873.28
2020-12-28,1879.52
2020-12-29,1873.4
2020-12-30,1878.21
2020-12-31,1894.54
2021-01-04,1898.75
2021-01-05,1942.9
2021-01-06,1950.11
2021-01-07,1918.49
2021-01-08,1914.41
2021-01-11,1849.29
2021-01-12,1843.61
2021-01-13,1854.91
2021-01-14,1845.12
2021-01-15,1846.36
2021-01-18,1828.68
2021-01-19,1837.74
2021-01-20,1840.22
2021-01-21,1871.77
2021-01-22,1869.84
2021-01-25,1855.87
2021-01-26,1855.94
2021-01-27,1850.84
2021-01-28,1843.44
2021-01-29,1842.73
2021-02-01,1848.28
2021-02-02,1860.91
2021-02-03,1838.31
2021-02-04,1834.07
2021-02-05,1794.34
2021-02-08,1814.25
2021-02-09,1830.74
2021-02-10,1838.29
2021-02-11,1843.26
2021-02-12,1825.41
2021-02-15,1824.48
2021-02-16,1818.78
2021-02-17,1794.64
2021-02-18,1775.95
2021-02-19,1775.89
2021-02-22,1784.13
2021-02-23,1809.74
2021-02-24,1805.81
2021-02-25,1804.69
2021-02-26,1770.33
2021-03-01,1733.87
2021-03-02,1724.9
2021-03-03,1738.29
2021-03-04,1711.14
2021-03-05,1697.43
2021-03-08,1700.16
2021-03-09,1683.48
2021-03-10,1716.1
2021-03-11,1726.76
2021-03-12,1722.58
2021-03-15,1729.43
2021-03-16,1731.91
2021-03-17,1731.13
2021-03-18,1745.29
2021-03-19,1736.85
2021-03-22,1743.03
2021-03-23,1739.13
2021-03-24,1727.01
2021-03-25,1734.58
2021-03-26,1727.11
2021-03-29,1733.79
2021-03-30,1712.78
2021-03-31,1685.01
2021-04-01,1707.66
2021-04-02,1729.92
2021-04-05,1728.02
2021-04-06,1728.05
2021-04-07,1743.25
2021-04-08,1737.79
2021-04-09,1755.85
2021-04-12,1731.22
2021-04-13,1732.47
2021-04-14,1733.82
2021-04-15,1736.34
2021-04-16,1763.66
2021-04-19,1783.85
2021-04-20,1771.45
2021-04-21,1778.91
2021-04-22,1793.42
2021-04-23,1784.03
2021-04-26,1770.05
2021-04-27,1781.33
2021-04-28,1777.07
2021-04-29,1781.51
2021-04-30,1772.25
2021-05-03,1764.29
2021-05-04,1792.81
2021-05-05,1778.95
2021-05-06,1786.8
2021-05-07,1815.1
2021-05-10,1831.15
2021-05-11,1835.9
2021-05-12,1837.3
2021-05-13,1815.41
2021-05-14,1825.94
2021-05-17,1843.26
2021-05-18,1867.0
2021-05-19,1869.35
2021-05-20,1869.36
2021-05-21,1876.79
2021-05-24,1881.36
2021-05-25,1880.44
2021-05-26,1899.22
2021-05-27,1896.48
2021-05-28,1896.61
2021-05-31,1903.63
2021-06-01,1906.77
2021-06-02,1900.51
2021-06-03,1908.42
2021-06-04,1870.51
2021-06-07,1891.09
2021-06-08,1899.39
2021-06-09,1892.75
2021-06-10,1889.04
2021-06-11,1898.26
2021-06-14,1877.61
2021-06-15,1866.0
2021-06-16,1858.9
2021-06-17,1811.57
2021-06-18,1773.76
2021-06-21,1761.03
2021-06-22,1783.32
2021-06-23,1779.67
2021-06-24,1779.19
2021-06-25,1775.4
2021-06-28,1781.5
2021-06-29,1779.36
2021-06-30,1760.65
2021-07-01,1771.46
2021-07-02,1777.05
2021-07-05,1787.45
2021-07-06,1791.95
2021-07-07,1796.92
2021-07-08,1803.05
2021-07-09,1803.6
2021-07-12,1808.2
2021-07-13,1806.28
2021-07-14,1807.8
2021-07-15,1827.17
2021-07-16,1829.46
2021-07-19,1812.21
2021-07-20,1813.35
2021-07-21,1809.96
2021-07-22,1803.53
2021-07-23,1806.48
2021-07-26,1802.35
2021-07-27,1797.49
2021-07-28,1798.79
2021-07-29,1807.14
2021-07-30,1828.29
2021-08-02,1814.12
2021-08-03,1813.68
2021-08-04,1810.73
2021-08-05,1811.83
2021-08-06,1804.61
2021-08-09,1761.6
2021-08-10,1729.71
2021-08-11,1729.22
2021-08-12,1751.68
2021-08-13,1752.9
2021-08-16,1779.74
2021-08-17,1787.72
2021-08-18,1786.24
2021-08-19,1786.08
2021-08-20,1781.34
2021-08-23,1781.13
2021-08-24,1805.42
2021-08-25,1802.83
2021-08-26,1791.23
2021-08-27,1792.46
2021-08-30,1817.1
2021-08-31,1810.42
2021-09-01,1812.99
2021-09-02,1813.84
2021-09-03,1809.76
2021-09-06,1827.71
2021-09-07,1823.29
2021-09-08,1795.83
2021-09-09,1789.32
2021-09-10,1794.6
2021-09-13,1787.66
2021-09-14,1793.73
2021-09-15,1804.61
2021-09-16,1794.14
2021-09-17,1753.78
2021-09-20,1754.88
2021-09-21,1761.82
2021-09-22,1774.34
2021-09-23,1769.27
2021-09-24,1743.83
2021-09-27,1750.33
2021-09-28,1751.43
2021-09-29,1733.94
2021-09-30,1727.05
2021-10-01,1756.14
2021-10-04,1760.83
2021-10-05,1768.73
2021-10-06,1760.21
2021-10-07,1762.3
2021-10-08,1755.74
2021-10-11,1757.35
2021-10-12,1754.2
2021-10-13,1762.63
2021-10-14,1793.03
2021-10-15,1796.95
2021-10-18,1767.58
2021-10-19,1766.05
2021-10-20,1770.64
2021-10-21,1783.1
2021-10-22,1782.93
2021-10-25,1792.45
2021-10-26,1807.88
2021-10-27,1792.78
2021-10-28,1794.71
2021-10-29,1797.0
2021-11-01,1783.55
2021-11-02,1792.98
2021-11-03,1787.07
2021-11-04,1769.54
2021-11-05,1792.1
2021-11-08,1818.29
2021-11-09,1824.17
2021-11-10,1831.23
2021-11-11,1847.49
2021-11-12,1861.53
2021-11-15,1868.74
2021-11-16,1863.91
2021-11-17,1852.04
2021-11-18,1864.8
2021-11-19,1858.88
2021-11-22,1845.85
2021-11-23,1804.54
2021-11-24,1789.08
2021-11-25,1788.47
2021-11-26,1788.73
2021-11-29,1792.02
2021-11-30,1784.68
2021-12-01,1774.82
2021-12-02,1781.69
2021-12-03,1768.57
2021-12-06,1783.34
2021-12-07,1778.74
2021-12-08,1784.32
2021-12-09,1782.99
2021-12-10,1775.09
2021-12-13,1782.91
2021-12-14,1786.68
2021-12-15,1770.75
2021-12-16,1776.91
2021-12-17,1799.4
2021-12-20,1798.02
2021-12-21,1791.04
2021-12-22,1789.29
2021-12-23,1803.65
2021-12-27,1808.55
2021-12-28,1812.09
2021-12-29,1806.27
2021-12-30,1804.47
2021-12-31,1814.61
2022-01-03,1829.28
2022-01-04,1801.38
2022-01-05,1814.69
2022-01-06,1810.41
2022-01-07,1791.22
2022-01-10,1796.92
2022-01-11,1801.74
2022-01-12,1821.57
2022-01-13,1826.14
2022-01-14,1822.49
2022-01-17,1817.92
2022-01-18,1819.39
2022-01-19,1813.74
2022-01-20,1840.48
2022-01-21,1839.27
2022-01-24,1843.24
2022-01-25,1843.21
2022-01-26,1848.11
2022-01-27,1819.71
2022-01-28,1797.48
2022-01-31,1791.95
2022-02-01,1797.14
2022-02-02,1801.27
2022-02-03,1806.86
2022-02-04,1804.9
2022-02-07,1807.77
2022-02-08,1820.46
2022-02-09,1825.96
2022-02-10,1833.16
2022-02-11,1826.87
2022-02-14,1865.45
2022-02-15,1871.28
2022-02-16,1853.51
2022-02-17,1869.71
2022-02-18,1898.4
2022-02-21,1886.69
2022-02-22,1904.24
2022-02-23,1898.45
2022-02-24,1909.05
2022-02-25,1903.78
2022-02-28,1889.69
2022-03-01,1908.96
2022-03-02,1945.3
2022-03-03,1928.66
2022-03-04,1935.93
2022-03-07,1970.9
2022-03-08,1997.9
2022-03-09,2050.2
2022-03-10,1991.77
2022-03-11,1996.78
2022-03-14,1988.51
2022-03-15,1951.07
2022-03-16,1917.94
2022-03-17,1927.24
2022-03-18,1942.69
2022-03-21,1921.78
2022-03-22,1935.8
2022-03-23,1921.67
2022-03-24,1944.04
2022-03-25,1957.57
2022-03-28,1958.08
2022-03-29,1922.93
2022-03-30,1919.47
2022-03-31,1932.73
2022-04-01,1937.41
2022-04-04,1925.22
2022-04-05,1932.47
2022-04-06,1923.76
2022-04-07,1925.1
2022-04-08,1931.87
2022-04-11,1948.15
2022-04-12,1953.71
2022-04-13,1966.66
2022-04-14,1977.87
2022-04-15,1973.77
2022-04-18,1973.57
2022-04-19,1978.95
2022-04-20,1950.27
2022-04-21,1957.84
2022-04-22,1951.4
2022-04-25,1926.71
2022-04-26,1897.91
2022-04-27,1905.41
2022-04-28,1885.97
2022-04-29,1894.66
2022-05-02,1919.93
2022-05-03,1863.16
2022-05-04,1868.32
2022-05-05,1881.2
2022-05-06,1877.16
2022-05-09,1883.58
2022-05-10,1854.13
2022-05-11,1838.27
2022-05-12,1852.54
2022-05-13,1821.62
2022-05-16,1812.17
2022-05-17,1823.95
2022-05-18,1815.01
2022-05-19,1816.52
2022-05-20,1842.08
2022-05-23,1846.57
2022-05-24,1853.54
2022-05-25,1866.5
2022-05-26,1853.52
2022-05-27,1851.03
2022-05-30,1861.94
2022-05-31,1855.42
2022-06-01,1837.32
2022-06-02,1846.42
2022-06-03,1868.59
2022-06-06,1851.16
2022-06-07,1841.23
2022-06-08,1852.38
2022-06-09,1853.61
2022-06-10,1848.05
2022-06-13,1871.77
2022-06-14,1819.34
2022-06-15,1808.23
2022-06-16,1833.77
2022-06-17,1856.74
2022-06-20,1839.7
2022-06-21,1838.54
2022-06-22,1832.92
2022-06-23,1837.61
2022-06-24,1822.66
2022-06-27,1816.98
2022-06-28,1822.65
2022-06-29,1819.73
2022-06-30,1817.65
2022-07-01,1807.26
2022-07-04,1811.54
2022-07-05,1808.02
2022-07-06,1765.0
2022-07-07,1739.12
2022-07-08,1740.19
2022-07-11,1742.24
2022-07-12,1734.05
2022-07-13,1726.14
2022-07-14,1735.45
2022-07-15,1709.64
2022-07-18,1708.0
2022-07-19,1709.18
2022-07-20,1711.73
2022-07-21,1696.5
2022-07-22,1718.57
2022-07-25,1727.72
2022-07-26,1719.93
2022-07-27,1717.25
2022-07-28,1734.32
2022-07-29,1755.83
2022-08-01,1752.28
2022-08-02,1772.35
2022-08-03,1760.38
2022-08-04,1765.35
2022-08-05,1791.19
2022-08-08,1775.34
2022-08-09,1789.03
2022-08-10,1794.13
2022-08-11,1792.45
2022-08-12,1790.03
2022-08-15,1802.4
2022-08-16,1779.87
2022-08-17,1775.6
2022-08-18,1761.68
2022-08-19,1758.49
2022-08-22,1745.55
2022-08-23,1736.47
2022-08-24,1748.4
2022-08-25,1751.08
2022-08-26,1758.94
2022-08-29,1738.05
2022-08-30,1737.05
2022-08-31,1724.13
2022-09-01,1711.4
2022-09-02,1698.04
2022-09-05,1712.23
2022-09-06,1710.13
2022-09-07,1702.17
2022-09-08,1718.19
2022-09-09,1708.6
2022-09-12,1717.15
2022-09-13,1724.47
2022-09-14,1702.08
2022-09-15,1697.42
2022-09-16,1665.06
2022-09-19,1675.09
2022-09-20,1675.92
2022-09-21,1664.94
2022-09-22,1674.22
2022-09-23,1670.97
2022-09-26,1639.82
2022-09-27,1622.49
2022-09-28,1628.8
2022-09-29,1659.9
2022-09-30,1660.57
2022-10-03,1675.38
2022-10-04,1700.2
2022-10-05,1726.05
2022-10-06,1716.6
2022-10-07,1712.06
2022-10-10,1694.6
2022-10-11,1668.74
2022-10-12,1666.22
2022-10-13,1673.21
2022-10-14,1666.58
2022-10-17,1644.44
2022-10-18,1650.05
2022-10-19,1652.29
2022-10-20,1629.46
2022-10-21,1628.07
2022-10-24,1657.78
2022-10-25,1649.81
2022-10-26,1653.09
2022-10-27,1664.65
2022-10-28,1663.22
2022-10-31,1644.74
2022-11-01,1633.59
2022-11-02,1647.96
2022-11-03,1635.41
2022-11-04,1629.69
2022-11-07,1681.58
2022-11-08,1675.65
2022-11-09,1712.38
2022-11-10,1706.9
2022-11-11,1755.72
2022-11-14,1771.34
2022-11-15,1771.34
2022-11-16,1779.06
2022-11-17,1773.89
2022-11-18,1760.28
2022-11-21,1750.91
2022-11-22,1737.9
2022-11-23,1740.09
2022-11-24,1749.63
2022-11-25,1755.47
2022-11-28,1754.74
2022-11-29,1741.41
2022-11-30,1749.53
2022-12-01,1768.49
2022-12-02,1803.22
2022-12-05,1797.68
2022-12-06,1768.9
2022-12-07,1770.96
2022-12-08,1786.29
2022-12-09,1789.23
2022-12-12,1797.62
2022-12-13,1781.28
2022-12-14,1810.89
2022-12-15,1807.29
2022-12-16,1776.93
2022-12-19,1793.08
2022-12-20,1787.54
2022-12-21,1817.97
2022-12-22,1814.32
2022-12-23,1792.59
2022-12-27,1798.52
2022-12-28,1813.84
2022-12-29,1804.21
2022-12-30,1814.99
2023-01-03,1823.92
2023-01-04,1839.47
2023-01-05,1854.53
2023-01-06,1832.56
2023-01-09,1865.9
2023-01-10,1871.86
2023-01-11,1876.86
2023-01-12,1875.46
2023-01-13,1896.86
2023-01-16,1921.94
2023-01-17,1913.95
2023-01-18,1908.72
2023-01-19,1904.06
2023-01-20,1932.3
2023-01-23,1926.01
2023-01-24,1931.09
2023-01-25,1937.43
2023-01-26,1946.27
2023-01-27,1929.16
2023-01-30,1928.2
2023-01-31,1923.22
2023-02-01,1928.22
2023-02-02,1950.45
2023-02-03,1912.63
2023-02-06,1865.22
2023-02-07,1867.45
2023-02-08,1873.47
2023-02-09,1875.37
2023-02-10,1861.72
2023-02-13,1865.67
2023-02-14,1853.57
2023-02-15,1854.36
2023-02-16,1835.96
2023-02-17,1836.32
2023-02-20,1842.32
2023-02-21,1841.34
2023-02-22,1835.01
2023-02-23,1825.23
2023-02-24,1822.29
2023-02-27,1811.0
2023-02-28,1817.26
2023-03-01,1826.84
2023-03-02,1836.58
2023-03-03,1835.81
2023-03-06,1856.57
2023-03-07,1846.83
2023-03-08,1813.46
2023-03-09,1813.79
2023-03-10,1830.93
2023-03-13,1870.22
2023-03-14,1913.83
2023-03-15,1904.01
2023-03-16,1918.6
2023-03-17,1919.5
2023-03-20,1988.97
2023-03-21,1978.83
2023-03-22,1940.47
2023-03-23,1970.17
2023-03-24,1993.72
2023-03-27,1975.29
2023-03-28,1956.61
2023-03-29,1973.68
2023-03-30,1964.58
2023-03-31,1980.32
2023-04-03,1969.13
2023-04-04,1984.7
2023-04-05,2020.59
2023-04-06,2020.82
2023-04-10,2008.1
2023-04-11,1991.47
2023-04-12,2003.67
2023-04-13,2014.98
2023-04-14,2040.13
2023-04-17,2004.2
2023-04-18,1995.04
2023-04-19,2005.21
2023-04-20,1994.86
2023-04-21,2004.76
2023-04-24,1982.8
2023-04-25,1989.17
2023-04-26,1997.07
2023-04-27,1989.39
2023-04-28,1987.94
2023-05-01,1995.05
2023-05-02,1982.39
2023-05-03,2016.68
2023-05-04,2039.27
2023-05-05,2050.29
2023-05-08,2016.91
2023-05-09,2020.98
2023-05-10,2034.52
2023-05-11,2030.37
2023-05-12,2014.96
2023-05-15,2010.86
2023-05-16,2016.44
2023-05-17,1989.12
2023-05-18,1981.74
2023-05-19,1957.55
2023-05-22,1984.26
2023-05-23,1971.84
2023-05-24,1975.24
2023-05-25,1957.34
2023-05-26,1941.16
2023-05-29,1946.59
2023-05-30,1943.21
2023-05-31,1959.47
2023-06-01,1962.74
2023-06-02,1977.62
2023-06-05,1948.01
2023-06-06,1961.81
2023-06-07,1963.49
2023-06-08,1940.06
2023-06-09,1965.54
2023-06-12,1961.27
2023-06-13,1957.68
2023-06-14,1943.81
2023-06-15,1942.17
2023-06-16,1958.03
2023-06-19,1957.98
2023-06-20,1950.47
2023-06-21,1936.43
2023-06-22,1932.82
2023-06-23,1913.96
2023-06-26,1921.23
2023-06-27,1923.31
2023-06-28,1913.67
2023-06-29,1907.46
2023-06-30,1908.15
2023-07-03,1919.9
2023-07-04,1921.68
2023-07-05,1925.99
2023-07-06,1915.31
2023-07-07,1911.0
2023-07-10,1925.35
2023-07-11,1925.35
2023-07-12,1932.21
2023-07-13,1957.21
2023-07-14,1960.55
2023-07-17,1955.19
2023-07-18,1955.06
2023-07-19,1978.77
2023-07-20,1976.59
2023-07-21,1969.6
2023-07-24,1956.92
2023-07-25,1954.76
2023-07-26,1964.91
2023-07-27,1972.09
2023-07-28,1945.8
2023-07-31,1959.35
2023-08-01,1965.16
2023-08-02,1944.37
2023-08-03,1934.76
2023-08-04,1934.1
2023-08-07,1942.86
2023-08-08,1936.49
2023-08-09,1925.28
2023-08-10,1914.35
2023-08-11,1912.58
2023-08-14,1913.78
2023-08-15,1907.38
2023-08-16,1901.83
2023-08-17,1891.75
2023-08-18,1889.42
2023-08-21,1886.85
2023-08-22,1894.91
2023-08-23,1897.5
2023-08-24,1915.28
2023-08-25,1916.88
2023-08-28,1915.22
2023-08-29,1920.26
2023-08-30,1937.55
2023-08-31,1942.32
2023-09-01,1940.16
2023-09-04,1939.89
2023-09-05,1938.48
2023-09-06,1925.99
2023-09-07,1916.63
2023-09-08,1919.73
2023-09-11,1919.06
2023-09-12,1922.39
2023-09-13,1913.8
2023-09-14,1908.12
2023-09-15,1910.75
2023-09-18,1923.88
2023-09-19,1933.86
2023-09-20,1931.31
2023-09-21,1930.32
2023-09-22,1920.08
2023-09-25,1925.26
2023-09-26,1915.92
2023-09-27,1900.62
2023-09-28,1875.15
2023-09-29,1864.9
2023-10-02,1848.62
2023-10-03,1828.03
2023-10-04,1822.94
2023-10-05,1821.33
2023-10-06,1820.24
2023-10-09,1832.89
2023-10-10,1861.47
2023-10-11,1860.4
2023-10-12,1874.36
2023-10-13,1868.9
2023-10-16,1932.59
2023-10-17,1920.14
2023-10-18,1923.15
2023-10-19,1947.69
2023-10-20,1974.43
2023-10-23,1981.45
2023-10-24,1972.86
2023-10-25,1971.06
2023-10-26,1979.66
2023-10-27,1984.74
2023-10-30,2006.35
2023-10-31,1996.14
2023-11-01,1983.82
2023-11-02,1982.57
2023-11-03,1985.76
2023-11-06,2004.11
2023-11-07,1977.8
2023-11-08,1969.36
2023-11-09,1950.25
2023-11-10,1958.56
2023-11-13,1938.93
2023-11-14,1946.22
2023-11-15,1963.21
2023-11-16,1959.41
2023-11-17,1981.23
2023-11-20,1980.89
2023-11-21,1978.05
2023-11-22,1998.31
2023-11-23,1989.95
2023-11-24,1993.0
2023-11-27,2002.61
2023-11-28,2014.02
2023-11-29,2040.81
2023-11-30,2044.17
2023-12-01,2036.27
2023-12-04,2072.09
2023-12-05,2029.53
2023-12-06,2019.34
2023-12-07,2025.44
2023-12-08,2028.56
2023-12-11,2004.73
2023-12-12,1981.96
2023-12-13,1979.49
2023-12-14,2027.56
2023-12-15,2036.34
2023-12-18,2019.71
2023-12-19,2027.23
2023-12-20,2040.31
2023-12-21,2031.24
2023-12-22,2046.02
2023-12-26,2052.99
2023-12-27,2067.97
2023-12-28,2077.74
2023-12-29,2065.62
2024-01-02,2062.88
2024-01-03,2059.0
2024-01-04,2041.6
2024-01-05,2043.53
2024-01-08,2045.55
2024-01-09,2027.98
2024-01-10,2030.13
2024-01-11,2024.32
2024-01-12,2028.93
2024-01-15,2049.15
2024-01-16,2054.75
2024-01-17,2028.5
2024-01-18,2006.22
2024-01-19,2023.23
2024-01-22,2029.61
2024-01-23,2021.81
2024-01-24,2029.27
2024-01-25,2013.91
2024-01-26,2020.86
2024-01-29,2016.0
2024-01-30,2033.24
2024-01-31,2036.96
2024-02-01,2039.67
2024-02-02,2054.99
2024-02-05,2039.79
2024-02-06,2025.18
2024-02-07,2036.24
2024-02-08,2035.21
2024-02-09,2034.64
2024-02-12,2024.57
2024-02-13,2020.12
2024-02-14,1993.2
2024-02-15,1992.33
2024-02-16,2004.425
2024-02-19,2013.405
2024-02-20,2017.995
2024-02-21,2024.375
2024-02-22,2026.105
2024-02-23,2024.485
2024-02-26,2035.735
2024-02-27,2031.365
2024-02-28,2030.515
2024-02-29,2034.55
2024-03-01,2044.2
2024-03-04,2082.86
2024-03-05,2114.36
2024-03-06,2128.265
2024-03-07,2148.2
2024-03-08,2160.015
2024-03-11,2179.17
2024-03-12,2182.635
2024-03-13,2158.425
2024-03-14,2174.365
2024-03-15,2162.17
2024-03-18,2155.895
2024-03-19,2160.395
2024-03-20,2157.55
2024-03-21,2186.36
2024-03-22,2181.245
2024-03-25,2157.22
2024-03-26,2171.9
2024-03-27,2179.03
2024-03-28,2194.865
2024-03-29,2234.06
2024-04-01,2234.18
2024-04-02,2251.775
2024-04-03,2281.015
2024-04-04,2300.55
2024-04-05,2290.975
2024-04-08,2330.49
2024-04-09,2339.45
2024-04-10,2353.04
2024-04-11,2334.305
2024-04-12,2372.9
2024-04-15,2344.225
2024-04-16,2383.405
2024-04-17,2382.885
2024-04-18,2360.925
2024-04-19,2379.42
2024-04-22,2372.91
2024-04-23,2327.03
2024-04-24,2322.025
2024-04-25,2315.84
2024-04-26,2332.11
2024-04-29,2338.1
2024-04-30,2335.62
2024-05-01,2286.13
2024-05-02,2319.56
2024-05-03,2303.72
2024-05-06,2301.94
2024-05-07,2323.995
2024-05-08,2314.13
2024-05-09,2308.535
2024-05-10,2346.48
2024-05-13,2378.49
2024-05-14,2336.145
2024-05-15,2358.23
2024-05-16,2386.07
2024-05-17,2376.515
2024-05-20,2414.985
2024-05-21,2426.095
2024-05-22,2421.045
2024-05-23,2378.905
2024-05-24,2329.175
2024-05-27,2333.905
2024-05-28,2351.06
2024-05-29,2361.47
2024-05-30,2338.145
2024-05-31,2343.2
2024-06-03,2327.375
2024-06-04,2350.945
2024-06-05,2327.015
2024-06-06,2355.52
2024-06-07,2376.195
2024-06-10,2293.815
2024-06-11,2310.625
2024-06-12,2316.82
2024-06-13,2324.975
2024-06-14,2304.03
2024-06-17,2332.905
2024-06-18,2319.05
2024-06-19,2329.44
2024-06-20,2328.32
2024-06-21,2360.04
2024-06-24,2322.015
2024-06-25,2334.685
2024-06-26,2319.57
2024-06-27,2298.355
2024-06-28,2327.815
2024-07-01,2326.67
2024-07-02,2331.995
2024-07-03,2329.645
2024-07-04,2356.07
2024-07-05,2357.055
2024-07-08,2391.71
2024-07-09,2359.22
2024-07-10,2364.11
2024-07-11,2371.28
2024-07-12,2415.615
2024-07-15,2411.15
2024-07-16,2422.48
2024-07-17,2469.09
2024-07-18,2458.765
2024-07-19,2445.175
2024-07-22,2420.61
2024-07-23,2396.63
2024-07-24,2409.77
2024-07-25,2397.89
2024-07-26,2364.805
2024-07-29,2386.97
2024-07-30,2384.49
2024-07-31,2411.03
2024-08-01,2447.56
2024-08-02,2446.315
2024-08-05,2443.72
2024-08-06,2410.655
2024-08-07,2390.53
2024-08-08,2382.93
2024-08-09,2427.66
2024-08-12,2431.31
2024-08-13,2472.71
2024-08-14,2465.175
2024-08-15,2447.885
2024-08-16,2456.5
2024-08-19,2508.225
2024-08-20,2504.26
2024-08-21,2513.97
2024-08-22,2512.31
2024-08-23,2484.745
2024-08-26,2512.695
2024-08-27,2518.055
2024-08-28,2524.68
2024-08-29,2504.565
2024-08-30,2521.235
2024-09-02,2503.44
2024-09-03,2499.475
2024-09-04,2493.025
2024-09-05,2495.745
2024-09-06,2516.845
2024-09-09,2497.445
2024-09-10,2506.38
2024-09-11,2516.65
2024-09-12,2511.705
2024-09-13,2558.82
2024-09-16,2578.37
2024-09-17,2582.49
2024-09-18,2569.545
2024-09-19,2559.065
2024-09-20,2586.73
2024-09-23,2622.085
2024-09-24,2628.75
2024-09-25,2657.245
2024-09-26,2657.21
2024-09-27,2672.505
2024-09-30,2643.17
2024-10-01,2634.69
2024-10-02,2663.445
2024-10-03,2658.725
2024-10-04,2655.995
2024-10-07,2653.625
2024-10-08,2642.64
2024-10-09,2621.865
2024-10-10,2607.69
2024-10-11,2630.075
2024-10-14,2657.095
2024-10-15,2648.96
2024-10-16,2662.64
2024-10-17,2674.03
2024-10-18,2692.97
2024-10-21,2721.565
2024-10-22,2719.775
2024-10-23,2748.905
2024-10-24,2715.55
2024-10-25,2736.265
2024-10-28,2747.685
2024-10-29,2742.445
2024-10-30,2774.645
2024-10-31,2787.52
2024-11-01,2743.97
2024-11-04,2736.56
2024-11-05,2736.69
2024-11-06,2744.095
2024-11-07,2659.06
2024-11-08,2706.34
2024-11-11,2684.555
2024-11-12,2619.255
2024-11-13,2598.345
2024-11-14,2572.725
2024-11-15,2564.655
2024-11-18,2563.175
2024-11-19,2611.985
2024-11-20,2632.01
2024-11-21,2650.565
2024-11-22,2669.765
2024-11-25,2716.195
2024-11-26,2624.95
2024-11-27,2633.12
2024-11-28,2636.04
2024-11-29,2637.785
2024-12-02,2650.59
2024-12-03,2639.055
2024-12-04,2643.655
2024-12-05,2649.935
2024-12-06,2631.985
2024-12-09,2633.31
2024-12-10,2660.39
2024-12-11,2694.235
2024-12-12,2718.11
2024-12-13,2680.605
2024-12-16,2648.105
2024-12-17,2652.935
2024-12-18,2646.4
2024-12-19,2585.57
2024-12-20,2594.355
2024-12-23,2623.04
2024-12-24,2612.935
2024-12-26,2616.86
2024-12-27,2633.565
2024-12-30,2621.555
2024-12-31,2606.235
2025-01-02,2624.51
2025-01-03,2657.99
2025-01-06,2640.06
2025-01-07,2636.395
2025-01-08,2648.855
2025-01-09,2661.97
2025-01-10,2670.39
2025-01-13,2689.98
2025-01-14,2662.955
2025-01-15,2677.61
2025-01-16,2696.725
2025-01-17,2714.69
2025-01-20,2702.535
2025-01-21,2707.52
2025-01-22,2744.77
2025-01-23,2756.35
2025-01-24,2754.855
2025-01-27,2770.775
2025-01-28,2740.875
2025-01-29,2763.77
2025-01-30,2759.28
2025-01-31,2794.755
2025-02-03,2798.82
2025-02-04,2814.88
2025-02-05,2842.265
2025-02-06,2867.215
2025-02-07,2856.145
2025-02-10,2860.88
2025-02-11,2908.08
2025-02-12,2897.63
2025-02-13,2903.91
2025-02-14,2928.395
2025-02-17,2882.23
2025-02-18,2899.445
2025-02-19,2935.19
2025-02-20,2933.11
2025-02-21,2939.19
2025-02-24,2935.63
2025-02-25,2952.995
2025-02-26,2914.955
2025-02-27,2916.375
2025-02-28,2877.42
2025-03-03,2857.86
2025-03-04,2892.705
2025-03-05,2917.94
2025-03-06,2919.195
2025-03-07,2910.825
2025-03-10,2909.38
2025-03-11,2889.27
2025-03-12,2916.02
2025-03-13,2933.74
2025-03-14,2989.235
2025-03-17,2984.685
2025-03-18,3000.835
2025-03-19,3034.48
2025-03-20,3047.75
2025-03-21,3044.85
2025-03-24,3023.605
2025-03-25,3011.96
2025-03-26,3019.935
2025-03-27,3019.625
2025-03-28,3056.62
2025-03-31,3084.775
2025-04-01,3123.77
2025-04-02,3114.63
2025-04-03,3134.19
2025-04-04,3114.71
2025-04-07,3038.22
2025-04-08,2983.16
2025-04-09,2982.665
2025-04-10,3082.58
2025-04-11,3175.585
2025-04-14,3237.67
2025-04-15,3210.87
2025-04-16,3229.805
2025-04-17,3343.18
2025-04-21,3327.255
2025-04-22,3424.48
2025-04-23,3380.885
2025-04-24,3288.395
2025-04-25,3349.195
2025-04-28,3319.59
2025-04-29,3343.81
2025-04-30,3317.43
2025-05-01,3288.445
2025-05-02,3238.925
2025-05-05,3240.395
2025-05-06,3334.065
2025-05-07,3431.45
2025-05-08,3364.625
2025-05-09,3305.995
2025-05-12,3325.085
2025-05-13,3235.665
2025-05-14,3250.225
2025-05-15,3177.67
2025-05-16,3240.135
2025-05-19,3203.47
2025-05-20,3229.975
2025-05-21,3289.98
2025-05-22,3315.385
2025-05-23,3295.06
2025-05-26,3357.63
2025-05-27,3342.345
2025-05-28,3300.885
2025-05-29,3287.79
2025-05-30,3317.825
2025-06-02,3289.24
2025-06-03,3381.525
2025-06-04,3353.29
2025-06-05,3372.22
2025-06-06,3352.83
2025-06-09,3310.59
2025-06-10,3325.9
2025-06-11,3323.06
2025-06-12,3355.125
2025-06-13,3386.435
2025-06-16,3432.5
2025-06-17,3385.41
2025-06-18,3388.235
2025-06-19,3369.435
2025-06-20,3370.705
2025-06-23,3368.52
2025-06-24,3368.43
2025-06-25,3323.795
2025-06-26,3332.135
2025-06-27,3328.045
2025-06-30,3274.235
2025-07-01,3302.96
2025-07-02,3338.51
2025-07-03,3357.575
2025-07-04,3326.3
2025-07-07,3337.22
2025-07-08,3336.715
2025-07-09,3301.825
2025-07-10,3313.545
2025-07-11,3323.99
2025-07-14,3355.72
2025-07-15,3343.565
2025-07-16,3324.375
2025-07-17,3347.225
2025-07-18,3339.23
2025-07-21,3349.835
2025-07-22,3396.93
2025-07-23,3431.44
2025-07-24,3387.51
2025-07-25,3368.615
2025-07-28,3337.615
2025-07-29,3314.77
2025-07-30,3326.505
2025-07-31,3275.605
2025-08-01,3289.835
2025-08-04,3363.14
2025-08-05,3373.71
2025-08-06,3380.635
2025-08-07,3369.255
2025-08-08,3397.13
2025-08-11,3398.125
2025-08-12,3342.545
2025-08-13,3348.255
2025-08-14,3355.76
2025-08-15,3335.325
2025-08-18,3336.08
2025-08-19,3332.565
2025-08-20,3315.835
2025-08-21,3348.415
2025-08-22,3338.83
2025-08-25,3371.92
2025-08-26,3365.945
2025-08-27,3393.46
2025-08-28,3397.17
2025-08-29,3416.705
2025-09-01,3448.265
2025-09-02,3476.46
2025-09-03,3533.27
2025-09-04,3559.405
2025-09-05,3545.875
2025-09-08,3586.48
2025-09-09,3636.47
2025-09-10,3626.385
2025-09-11,3640.585
2025-09-12,3633.96
2025-09-15,3642.715
2025-09-16,3679.21
2025-09-17,3690.055
2025-09-18,3659.54
2025-09-19,3644.29
2025-09-22,3685.045
2025-09-23,3746.275
2025-09-24,3764.29
2025-09-25,3736.035
2025-09-26,3749.385
2025-09-29,3760.355
2025-09-30,3833.39
2025-10-01,3859.01
2025-10-02,3865.62
2025-10-03,3856.395
2025-10-06,3886.99
2025-10-07,3960.94
2025-10-08,3984.97
2025-10-09,4041.055
2025-10-10,3976.845
2025-10-13,4017.915
2025-10-14,4110.135
2025-10-15,4142.065
2025-10-16,4207.63
2025-10-17,4328.19
2025-10-20,4251.7
2025-10-21,4356.41
2025-10-22,4124.91
2025-10-23,4098.19
2025-10-24,4126.935
2025-10-27,4112.53
2025-10-28,3981.5
2025-10-29,3951.5
2025-10-30,3930.44
2025-10-31,4024.67
2025-11-03,4002.4
2025-11-04,4001.675
2025-11-05,3932.04
2025-11-06,3980.11
2025-11-07,3977.19
2025-11-10,4000.565
2025-11-11,4115.6
2025-11-12,4127.06
2025-11-13,4195.49
2025-11-14,4171.715
2025-11-17,4083.555
2025-11-18,4045.18
2025-11-19,4067.185
2025-11-20,4078.1
2025-11-21,4077.27
2025-11-24,4065.225
2025-11-25,4134.795
2025-11-26,4129.984
2025-11-27,4163.815
2025-11-28,4157.265
2025-12-01,4217.995
2025-12-02,4231.745
2025-12-03,4206.235
2025-12-04,4202.58
2025-12-05,4207.44
2025-12-08,4197.585
2025-12-09,4190.18
2025-12-10,4207.675
2025-12-11,4228.265
2025-12-12,4280.455
2025-12-15,4299.39
2025-12-16,4305.35
2025-12-17,4302.57
2025-12-18,4338.37
2025-12-19,4332.72
2025-12-22,4338.71
2025-12-23,4443.375
2025-12-24,4484.245
2025-12-26,4479.245
2025-12-29,4533.42
2025-12-30,4332.37
2025-12-31,4339.095
2026-01-02,4319.375
2026-01-05,4332.32
2026-01-06,4448.905
2026-01-07,4494.785
2026-01-08,4456.33
2026-01-09,4477.86
2026-01-12,4509.135
2026-01-13,4597.925
2026-01-14,4586.325
2026-01-15,4627.35
2026-01-16,4616.125
2026-01-19,4596.69
2026-01-20,4670.99
2026-01-21,4763.54
2026-01-22,4831.535
2026-01-23,4935.755
2026-01-26,4986.45
2026-01-27,5010.5
2026-01-28,5178.33
2026-01-29,5416.385
2026-01-30,5378.245
2026-02-02,4894.33
2026-02-03,4660.625
2026-02-04,4946.055
2026-02-05,4965.7
2026-02-06,4778.055
2026-02-09,4964.3
2026-02-10,5058.68
2026-02-11,5025.485
2026-02-12,5084.175
2026-02-13,4921.7
2026-02-16,5042.215
2026-02-17,4993.24
2026-02-18,4878.63
2026-02-19,4976.25
2026-02-20,4996.615
2026-02-23,5107.46
2026-02-24,5227.8
2026-02-25,5142.845
2026-02-26,5165.525
2026-02-27,5184.78
2026-03-02,5279.205
2026-03-03,5322.065
2026-03-04,5088.52
2026-03-05,5140.925
2026-03-06,5082.185
2026-03-09,5171.825
2026-03-10,5138.845
2026-03-11,5192.02
2026-03-12,5175.975
2026-03-13,5079.615
2026-03-16,5019.175
2026-03-17,5006.27
2026-03-18,5006.61
2026-03-19,4818.34
2026-03-20,4649.89
2026-03-23,4491.385
2026-03-24,4406.665
2026-03-25,4474.62
2026-03-26,4506.04
2026-03-27,4377.415
2026-03-30,4492.555
2026-03-31,4511.105
2026-04-01,4668.895
2026-04-02,4758.105
2026-04-06,4676.49
2026-04-07,4648.93
2026-04-08,4706.34
2026-04-09,4719.265
2026-04-10,4766.735
2026-04-13,4749.445
2026-04-14,4741.03
2026-04-15,4841.3
2026-04-16,4791.255
2026-04-17,4789.1
2026-04-20,4829.305
2026-04-21,4820.405
2026-04-22,4719.37
2026-04-23,4739.215
2026-04-24,4693.025
2026-04-27,4709.255
2026-04-28,4681.885
2026-04-29,4596.755
2026-04-30,4543.945
2026-05-01,4622.425
2026-05-04,4614.1
2026-05-05,4523.51
2026-05-06,4556.7
2026-05-07,4690.875
2026-05-08,4685.775
2026-05-11,4715.03
2026-05-12,4735.865
2026-05-13,4715.795
2026-05-14,4689.29
2026-05-15,4652.085
2026-05-18,4540.58
2026-05-19,4566.555
2026-05-20,4482.19
2026-05-21,4544.235
2026-05-22,4542.995
2026-05-25,4509.51
2026-05-26,4570.545
2026-05-27,4507.985
2026-05-28,4456.04
2026-05-29,4496.03
2026-06-01,4540.17
2026-06-02,4485.055
2026-06-03,4489.02
2026-06-04,4434.805
2026-06-05,4475.265
2026-06-08,4328.87
2026-06-09,4330.255
2026-06-10,4260.57
2026-06-11,4072.065
2026-06-12,4212.31
2026-06-15,4219.395
2026-06-16,4308.66
2026-06-17,4331.46
2026-06-18,4256.705
